Employee_ID,Department,Attrition_Probability,Predicted_Attrition_Flag,Forecasted_KPI_Score,Predicted_Top_Performer,Attendance_Status,Critical_Flight_Risk
EMP00950,Technology,0.995,1,68.8,0,Anomaly,1
EMP00562,HR,0.992,1,79.1,0,Anomaly,1
EMP01504,Operations,0.992,1,63.3,0,Anomaly,1
EMP00668,Sales,0.99,1,71.1,0,Anomaly,1
EMP00020,HR,0.989,1,77.0,0,Anomaly,1
EMP00619,Technology,0.987,1,110.9,1,Anomaly,1
EMP01105,Technology,0.986,1,58.6,0,Anomaly,1
EMP01213,Technology,0.986,1,84.9,1,Anomaly,1
EMP00546,Technology,0.984,1,97.4,1,Anomaly,1
EMP00997,Marketing,0.979,1,117.7,1,Anomaly,1
EMP00553,Finance,0.978,1,112.0,1,Anomaly,1
EMP01852,Technology,0.978,1,112.5,1,Anomaly,1
EMP01447,Sales,0.966,1,66.3,0,Anomaly,1
EMP01986,Marketing,0.96,1,63.3,0,Anomaly,1
EMP01925,Operations,0.951,1,68.8,0,Anomaly,1
EMP00586,Technology,0.948,1,79.1,0,Anomaly,1
EMP01322,Sales,0.934,1,58.6,0,Anomaly,1
EMP01219,Sales,0.932,1,83.5,1,Anomaly,1
EMP01705,Technology,0.931,1,68.8,0,Anomaly,1
EMP00028,Technology,0.927,1,71.1,0,Anomaly,1
EMP01883,Operations,0.924,1,111.7,1,Anomaly,1
EMP01444,Technology,0.916,1,79.1,0,Anomaly,1
EMP00048,Finance,0.879,1,104.4,1,Anomaly,1
EMP00490,Technology,0.863,1,104.4,1,Anomaly,1
EMP00394,Operations,0.856,1,77.0,0,Anomaly,1
EMP01006,Technology,0.84,1,58.6,0,Anomaly,1
EMP01337,Sales,0.836,1,119.4,1,Anomaly,1
EMP00383,Technology,0.834,1,68.8,0,Anomaly,1
EMP00762,Operations,0.815,1,66.3,0,Anomaly,1
EMP01929,Sales,0.789,1,86.4,1,Anomaly,1
EMP01436,Technology,0.784,1,58.6,0,Anomaly,1
EMP01661,Marketing,0.78,1,119.9,1,Anomaly,1
EMP01132,Operations,0.692,1,112.5,1,Anomaly,1
EMP01456,Technology,0.677,1,110.9,1,Anomaly,1
EMP01260,HR,0.635,1,103.5,1,Anomaly,1
EMP00717,Technology,0.205,0,118.6,1,Anomaly,1
EMP00564,Technology,0.997,1,63.3,0,Normal,0
EMP01091,Sales,0.997,1,63.3,0,Normal,0
EMP00278,Finance,0.996,1,77.0,0,Normal,0
EMP00402,Operations,0.996,1,68.8,0,Normal,0
EMP00672,Marketing,0.996,1,63.3,0,Normal,0
EMP00769,Operations,0.996,1,68.8,0,Normal,0
EMP01303,Operations,0.996,1,63.3,0,Normal,0
EMP00404,Marketing,0.995,1,58.6,0,Normal,0
EMP00694,Technology,0.995,1,77.0,0,Normal,0
EMP00718,Operations,0.995,1,68.8,0,Normal,0
EMP00748,Technology,0.995,1,68.8,0,Normal,0
EMP00905,Finance,0.995,1,110.9,1,Normal,0
EMP00958,Operations,0.995,1,68.8,0,Normal,0
EMP01018,Technology,0.995,1,63.3,0,Normal,0
EMP01299,Operations,0.995,1,58.6,0,Normal,0
EMP01489,Technology,0.995,1,79.1,0,Normal,0
EMP01566,Finance,0.995,1,84.9,1,Normal,0
EMP01571,HR,0.995,1,68.8,0,Normal,0
EMP01796,Technology,0.995,1,58.6,0,Normal,0
EMP00330,Operations,0.994,1,110.9,1,Normal,0
EMP00482,Technology,0.994,1,68.8,0,Normal,0
EMP00948,Operations,0.994,1,93.0,1,Normal,0
EMP01009,Finance,0.994,1,110.9,1,Normal,0
EMP01082,Finance,0.994,1,63.3,0,Normal,0
EMP01166,Technology,0.994,1,77.0,0,Normal,0
EMP01413,HR,0.994,1,68.8,0,Normal,0
EMP01469,Operations,0.994,1,63.3,0,Normal,0
EMP01790,Marketing,0.994,1,117.7,1,Normal,0
EMP00047,Technology,0.993,1,77.0,0,Normal,0
EMP00229,Finance,0.993,1,63.3,0,Normal,0
EMP00372,Marketing,0.993,1,77.0,0,Normal,0
EMP00434,Marketing,0.993,1,77.0,0,Normal,0
EMP00568,Marketing,0.993,1,77.0,0,Normal,0
EMP01426,Operations,0.993,1,84.9,0,Normal,0
EMP01556,Technology,0.993,1,63.3,0,Normal,0
EMP00602,Sales,0.992,1,77.0,0,Normal,0
EMP01926,Technology,0.992,1,68.8,0,Normal,0
EMP00030,Technology,0.991,1,68.8,0,Normal,0
EMP00967,Operations,0.991,1,68.8,0,Normal,0
EMP01179,Operations,0.991,1,97.4,1,Normal,0
EMP00387,Operations,0.99,1,97.4,1,Normal,0
EMP00549,Technology,0.99,1,77.0,0,Normal,0
EMP00839,Finance,0.99,1,84.9,1,Normal,0
EMP00940,Technology,0.99,1,77.0,0,Normal,0
EMP01022,Technology,0.99,1,84.9,0,Normal,0
EMP01343,Sales,0.99,1,79.1,0,Normal,0
EMP00337,Sales,0.989,1,66.3,0,Normal,0
EMP00444,Finance,0.989,1,79.1,0,Normal,0
EMP00818,Operations,0.989,1,97.4,1,Normal,0
EMP01152,Technology,0.989,1,63.3,0,Normal,0
EMP01972,Finance,0.989,1,97.4,1,Normal,0
EMP01707,Technology,0.988,1,112.5,1,Normal,0
EMP01862,Sales,0.988,1,93.0,1,Normal,0
EMP00091,Operations,0.987,1,68.8,0,Normal,0
EMP00336,Marketing,0.987,1,66.3,0,Normal,0
EMP00610,Sales,0.987,1,66.3,0,Normal,0
EMP01281,Sales,0.987,1,66.3,0,Normal,0
EMP01321,Marketing,0.987,1,112.5,1,Normal,0
EMP01664,Operations,0.987,1,84.9,0,Normal,0
EMP00242,Finance,0.986,1,84.9,1,Normal,0
EMP00761,Operations,0.986,1,63.3,0,Normal,0
EMP01114,Operations,0.986,1,77.0,0,Normal,0
EMP00438,Operations,0.985,1,97.4,1,Normal,0
EMP00817,Marketing,0.985,1,84.9,1,Normal,0
EMP01272,Operations,0.985,1,66.3,0,Normal,0
EMP00057,Finance,0.983,1,66.3,0,Normal,0
EMP00231,Finance,0.983,1,97.4,1,Normal,0
EMP00663,HR,0.983,1,112.5,1,Normal,0
EMP00783,Operations,0.983,1,97.4,1,Normal,0
EMP00064,Technology,0.982,1,110.9,1,Normal,0
EMP00175,Sales,0.982,1,66.3,0,Normal,0
EMP01443,Technology,0.982,1,68.8,0,Normal,0
EMP01498,Operations,0.982,1,83.5,0,Normal,0
EMP00226,Operations,0.981,1,84.9,0,Normal,0
EMP00235,HR,0.981,1,79.1,0,Normal,0
EMP01030,Technology,0.981,1,117.7,1,Normal,0
EMP01696,Technology,0.981,1,102.4,1,Normal,0
EMP01752,Sales,0.981,1,63.3,0,Normal,0
EMP00403,Marketing,0.98,1,110.9,1,Normal,0
EMP00529,Operations,0.98,1,58.6,0,Normal,0
EMP00617,HR,0.98,1,97.4,1,Normal,0
EMP00716,Marketing,0.98,1,112.5,1,Normal,0
EMP01157,Technology,0.98,1,97.4,1,Normal,0
EMP01283,Technology,0.98,1,110.9,1,Normal,0
EMP01829,Marketing,0.98,1,84.9,0,Normal,0
EMP01290,Finance,0.979,1,112.5,1,Normal,0
EMP01634,Technology,0.979,1,97.4,1,Normal,0
EMP00182,Finance,0.978,1,86.4,1,Normal,0
EMP00276,Operations,0.978,1,97.4,1,Normal,0
EMP00984,Finance,0.978,1,97.4,1,Normal,0
EMP01055,Finance,0.978,1,112.5,1,Normal,0
EMP01228,Sales,0.978,1,77.0,0,Normal,0
EMP01963,Operations,0.978,1,68.8,0,Normal,0
EMP00244,Technology,0.977,1,102.4,1,Normal,0
EMP01570,Sales,0.977,1,77.0,0,Normal,0
EMP01998,Technology,0.977,1,66.3,0,Normal,0
EMP00129,Operations,0.976,1,68.8,0,Normal,0
EMP00312,Operations,0.976,1,77.0,0,Normal,0
EMP00915,Technology,0.976,1,71.1,0,Normal,0
EMP00539,Marketing,0.975,1,110.9,1,Normal,0
EMP00631,Operations,0.975,1,71.1,0,Normal,0
EMP00765,Technology,0.975,1,97.4,1,Normal,0
EMP00963,Operations,0.975,1,58.6,0,Normal,0
EMP00987,Operations,0.975,1,63.3,0,Normal,0
EMP01223,Sales,0.975,1,63.3,0,Normal,0
EMP01677,Finance,0.975,1,84.9,1,Normal,0
EMP00078,Technology,0.974,1,77.0,0,Normal,0
EMP00494,Technology,0.974,1,110.9,1,Normal,0
EMP00810,Operations,0.974,1,66.3,0,Normal,0
EMP00814,HR,0.974,1,68.8,0,Normal,0
EMP01410,Marketing,0.974,1,71.1,0,Normal,0
EMP00488,Operations,0.973,1,66.3,0,Normal,0
EMP01130,Sales,0.973,1,77.0,0,Normal,0
EMP01195,Operations,0.973,1,68.8,0,Normal,0
EMP01606,Sales,0.973,1,110.9,1,Normal,0
EMP00722,Sales,0.972,1,77.0,0,Normal,0
EMP00828,Operations,0.972,1,77.0,0,Normal,0
EMP00588,Operations,0.971,1,84.9,1,Normal,0
EMP01159,Operations,0.97,1,77.0,0,Normal,0
EMP00633,Operations,0.969,1,102.4,1,Normal,0
EMP00645,Technology,0.968,1,77.0,0,Normal,0
EMP00844,HR,0.968,1,71.1,0,Normal,0
EMP00019,Sales,0.967,1,77.0,0,Normal,0
EMP00657,Technology,0.967,1,77.0,0,Normal,0
EMP01542,HR,0.967,1,58.6,0,Normal,0
EMP01332,Technology,0.966,1,58.6,0,Normal,0
EMP01532,Technology,0.966,1,97.4,1,Normal,0
EMP01078,Sales,0.965,1,77.0,0,Normal,0
EMP01706,Sales,0.965,1,77.0,0,Normal,0
EMP00638,Sales,0.963,1,97.4,1,Normal,0
EMP01429,HR,0.963,1,58.6,0,Normal,0
EMP01480,Operations,0.963,1,102.4,1,Normal,0
EMP01743,Technology,0.963,1,63.3,0,Normal,0
EMP01307,Finance,0.962,1,63.3,0,Normal,0
EMP01904,Finance,0.962,1,77.0,0,Normal,0
EMP01243,Operations,0.959,1,63.3,0,Normal,0
EMP00189,HR,0.958,1,79.1,0,Normal,0
EMP01199,Operations,0.958,1,58.6,0,Normal,0
EMP00106,Operations,0.957,1,58.6,0,Normal,0
EMP00290,Marketing,0.957,1,66.3,0,Normal,0
EMP01511,Technology,0.956,1,68.8,0,Normal,0
EMP00108,Sales,0.954,1,79.1,0,Normal,0
EMP01482,HR,0.953,1,63.3,0,Normal,0
EMP00497,Finance,0.952,1,66.3,0,Normal,0
EMP00611,Sales,0.952,1,110.9,1,Normal,0
EMP01548,Finance,0.952,1,71.1,0,Normal,0
EMP00881,Finance,0.951,1,104.4,1,Normal,0
EMP01574,Operations,0.951,1,77.0,0,Normal,0
EMP01717,Finance,0.951,1,86.4,1,Normal,0
EMP00609,Sales,0.95,1,58.6,0,Normal,0
EMP00704,Sales,0.95,1,92.4,1,Normal,0
EMP00961,Technology,0.95,1,77.0,0,Normal,0
EMP00138,HR,0.948,1,63.3,0,Normal,0
EMP00128,Operations,0.947,1,58.6,0,Normal,0
EMP01136,Operations,0.947,1,63.3,0,Normal,0
EMP01500,Finance,0.947,1,119.4,1,Normal,0
EMP01575,Finance,0.947,1,66.3,0,Normal,0
EMP00849,Finance,0.945,1,119.9,1,Normal,0
EMP00171,Sales,0.944,1,63.3,0,Normal,0
EMP00061,Sales,0.943,1,77.0,0,Normal,0
EMP00703,Sales,0.943,1,63.3,0,Normal,0
EMP01261,Technology,0.943,1,66.3,0,Normal,0
EMP01984,Operations,0.943,1,63.3,0,Normal,0
EMP00273,Technology,0.942,1,68.8,0,Normal,0
EMP01388,Marketing,0.94,1,119.9,1,Normal,0
EMP01460,Technology,0.938,1,58.6,0,Normal,0
EMP01668,Sales,0.938,1,63.3,0,Normal,0
EMP00532,Operations,0.934,1,66.3,0,Normal,0
EMP01690,HR,0.934,1,119.9,1,Normal,0
EMP00115,Operations,0.933,1,58.6,0,Normal,0
EMP00650,Finance,0.932,1,93.0,1,Normal,0
EMP01202,Technology,0.932,1,63.3,0,Normal,0
EMP01454,Sales,0.932,1,58.6,0,Normal,0
EMP00867,Technology,0.931,1,77.0,0,Normal,0
EMP01439,Technology,0.931,1,58.6,0,Normal,0
EMP01685,HR,0.931,1,77.0,0,Normal,0
EMP00920,Sales,0.93,1,86.6,1,Normal,0
EMP01599,Operations,0.929,1,119.9,1,Normal,0
EMP00221,Finance,0.928,1,79.1,1,Normal,0
EMP01603,HR,0.928,1,68.8,0,Normal,0
EMP00428,Technology,0.926,1,86.4,0,Normal,0
EMP01088,Sales,0.926,1,102.4,1,Normal,0
EMP00443,Technology,0.925,1,86.4,1,Normal,0
EMP00648,Finance,0.925,1,107.4,1,Normal,0
EMP01902,Finance,0.925,1,94.4,1,Normal,0
EMP00004,Operations,0.924,1,115.8,1,Normal,0
EMP00010,Marketing,0.924,1,86.4,1,Normal,0
EMP00203,Technology,0.924,1,68.8,0,Normal,0
EMP00992,Finance,0.924,1,100.2,1,Normal,0
EMP01020,Operations,0.923,1,71.1,0,Normal,0
EMP01856,Marketing,0.921,1,112.0,1,Normal,0
EMP01327,Operations,0.919,1,58.6,0,Normal,0
EMP01503,Sales,0.919,1,87.8,1,Normal,0
EMP01100,Marketing,0.918,1,68.8,0,Normal,0
EMP01654,Finance,0.918,1,119.9,1,Normal,0
EMP01701,Operations,0.918,1,79.1,0,Normal,0
EMP00143,Finance,0.917,1,77.0,0,Normal,0
EMP01457,Operations,0.917,1,100.2,1,Normal,0
EMP00338,Sales,0.915,1,77.0,0,Normal,0
EMP00388,Operations,0.915,1,77.0,0,Normal,0
EMP00525,Sales,0.915,1,58.6,0,Normal,0
EMP00772,HR,0.914,1,100.2,1,Normal,0
EMP00392,HR,0.913,1,103.5,1,Normal,0
EMP00503,Technology,0.913,1,63.3,0,Normal,0
EMP00643,Operations,0.913,1,63.3,0,Normal,0
EMP01579,Operations,0.913,1,58.6,0,Normal,0
EMP01956,Marketing,0.913,1,112.0,1,Normal,0
EMP00120,Finance,0.912,1,77.0,0,Normal,0
EMP01650,Finance,0.912,1,63.3,0,Normal,0
EMP01938,Operations,0.91,1,119.9,1,Normal,0
EMP00130,Operations,0.908,1,58.6,0,Normal,0
EMP00201,Marketing,0.907,1,83.5,1,Normal,0
EMP00635,Technology,0.906,1,71.1,0,Normal,0
EMP00719,Operations,0.906,1,92.4,1,Normal,0
EMP00055,Finance,0.905,1,71.1,0,Normal,0
EMP01583,Finance,0.905,1,104.4,1,Normal,0
EMP01655,Sales,0.905,1,68.8,0,Normal,0
EMP00746,Technology,0.904,1,117.7,1,Normal,0
EMP01630,Marketing,0.904,1,92.4,1,Normal,0
EMP01632,Sales,0.904,1,58.6,0,Normal,0
EMP01472,Operations,0.903,1,111.7,1,Normal,0
EMP00302,Sales,0.901,1,94.4,1,Normal,0
EMP00417,Technology,0.901,1,63.3,0,Normal,0
EMP00551,Technology,0.901,1,112.5,1,Normal,0
EMP01188,Marketing,0.901,1,93.0,1,Normal,0
EMP01023,Technology,0.9,1,79.1,0,Normal,0
EMP01919,Sales,0.9,1,63.3,0,Normal,0
EMP00200,Finance,0.899,1,112.0,1,Normal,0
EMP01367,Marketing,0.899,1,119.9,1,Normal,0
EMP00088,Operations,0.898,1,86.6,1,Normal,0
EMP00259,Marketing,0.898,1,97.4,1,Normal,0
EMP00484,Sales,0.898,1,71.1,0,Normal,0
EMP00996,Sales,0.898,1,119.4,1,Normal,0
EMP01333,Technology,0.898,1,115.8,1,Normal,0
EMP00898,HR,0.897,1,79.1,0,Normal,0
EMP01565,Operations,0.897,1,92.4,1,Normal,0
EMP01097,HR,0.896,1,107.4,1,Normal,0
EMP00266,Operations,0.895,1,79.1,1,Normal,0
EMP00318,Operations,0.895,1,119.4,1,Normal,0
EMP01389,Marketing,0.895,1,92.4,1,Normal,0
EMP00084,Sales,0.893,1,83.5,1,Normal,0
EMP01753,Sales,0.893,1,119.9,1,Normal,0
EMP00369,HR,0.892,1,112.5,1,Normal,0
EMP01231,Technology,0.892,1,58.6,0,Normal,0
EMP00364,Finance,0.891,1,117.7,1,Normal,0
EMP00594,Technology,0.891,1,77.0,0,Normal,0
EMP00515,Operations,0.89,1,66.3,0,Normal,0
EMP01921,Operations,0.89,1,94.4,1,Normal,0
EMP00178,HR,0.889,1,119.9,1,Normal,0
EMP01085,Sales,0.889,1,63.3,0,Normal,0
EMP00600,Operations,0.887,1,103.5,1,Normal,0
EMP00797,Sales,0.887,1,58.6,0,Normal,0
EMP01747,Technology,0.887,1,63.3,0,Normal,0
EMP00355,Sales,0.886,1,86.4,1,Normal,0
EMP01093,Operations,0.885,1,119.9,1,Normal,0
EMP00697,Sales,0.883,1,111.7,1,Normal,0
EMP00413,Technology,0.882,1,119.9,1,Normal,0
EMP00376,Technology,0.881,1,66.3,0,Normal,0
EMP00207,Sales,0.879,1,87.8,1,Normal,0
EMP00260,Technology,0.879,1,58.6,0,Normal,0
EMP01381,Technology,0.875,1,66.3,0,Normal,0
EMP01844,Sales,0.874,1,68.8,0,Normal,0
EMP00296,Finance,0.873,1,83.5,1,Normal,0
EMP01772,HR,0.872,1,115.8,1,Normal,0
EMP01888,Technology,0.872,1,86.4,0,Normal,0
EMP01739,Technology,0.871,1,104.4,1,Normal,0
EMP00871,Finance,0.87,1,77.0,0,Normal,0
EMP01128,Operations,0.87,1,118.6,1,Normal,0
EMP00658,Finance,0.869,1,79.1,0,Normal,0
EMP01214,Finance,0.869,1,118.6,1,Normal,0
EMP01674,Operations,0.869,1,94.4,1,Normal,0
EMP01728,Operations,0.869,1,92.4,1,Normal,0
EMP00166,Sales,0.868,1,94.4,1,Normal,0
EMP01356,Marketing,0.866,1,79.1,0,Normal,0
EMP00834,Sales,0.865,1,119.4,1,Normal,0
EMP00893,Technology,0.865,1,71.1,0,Normal,0
EMP01557,Technology,0.865,1,86.6,1,Normal,0
EMP00412,Sales,0.864,1,119.9,1,Normal,0
EMP00664,Operations,0.864,1,103.5,1,Normal,0
EMP00776,HR,0.864,1,119.9,1,Normal,0
EMP00468,Operations,0.862,1,119.9,1,Normal,0
EMP00667,Finance,0.862,1,119.9,1,Normal,0
EMP01621,Sales,0.861,1,119.9,1,Normal,0
EMP01638,Operations,0.861,1,83.5,0,Normal,0
EMP00540,HR,0.86,1,100.2,1,Normal,0
EMP00533,Operations,0.859,1,107.4,1,Normal,0
EMP00780,Technology,0.859,1,107.4,1,Normal,0
EMP00349,Marketing,0.858,1,103.5,1,Normal,0
EMP00487,Operations,0.858,1,100.2,1,Normal,0
EMP00639,Operations,0.858,1,97.4,1,Normal,0
EMP00724,Sales,0.858,1,111.7,1,Normal,0
EMP01358,Sales,0.858,1,92.4,1,Normal,0
EMP00587,Technology,0.857,1,112.0,1,Normal,0
EMP00575,Technology,0.856,1,107.4,1,Normal,0
EMP01538,Sales,0.856,1,77.0,1,Normal,0
EMP00669,Marketing,0.855,1,71.1,0,Normal,0
EMP00947,Sales,0.853,1,115.8,1,Normal,0
EMP01291,Sales,0.853,1,115.8,1,Normal,0
EMP00140,Operations,0.852,1,83.5,0,Normal,0
EMP00424,Operations,0.852,1,94.4,1,Normal,0
EMP01806,Marketing,0.852,1,119.9,1,Normal,0
EMP00018,Technology,0.851,1,117.7,1,Normal,0
EMP01525,Sales,0.851,1,107.4,1,Normal,0
EMP00683,Operations,0.848,1,104.4,1,Normal,0
EMP00798,Sales,0.848,1,94.4,1,Normal,0
EMP01061,Marketing,0.847,1,71.1,0,Normal,0
EMP01076,Operations,0.847,1,86.6,0,Normal,0
EMP01117,Sales,0.847,1,115.8,1,Normal,0
EMP01084,Operations,0.846,1,63.3,0,Normal,0
EMP00474,HR,0.845,1,119.9,1,Normal,0
EMP00596,Operations,0.845,1,119.9,1,Normal,0
EMP01544,Technology,0.845,1,107.4,1,Normal,0
EMP00233,Operations,0.844,1,97.4,1,Normal,0
EMP01817,Finance,0.844,1,94.4,1,Normal,0
EMP01203,Technology,0.843,1,92.4,1,Normal,0
EMP00033,Sales,0.842,1,111.7,1,Normal,0
EMP00065,Sales,0.842,1,103.5,1,Normal,0
EMP00483,Marketing,0.842,1,112.0,1,Normal,0
EMP01427,Operations,0.842,1,93.0,1,Normal,0
EMP01765,Marketing,0.841,1,103.5,1,Normal,0
EMP00003,Technology,0.84,1,117.7,1,Normal,0
EMP01771,Operations,0.839,1,108.2,1,Normal,0
EMP01892,Finance,0.839,1,119.9,1,Normal,0
EMP00225,Operations,0.838,1,111.7,1,Normal,0
EMP01363,Operations,0.838,1,97.4,1,Normal,0
EMP01670,Sales,0.838,1,119.9,1,Normal,0
EMP01950,Marketing,0.838,1,77.0,0,Normal,0
EMP01955,Technology,0.838,1,119.9,1,Normal,0
EMP01591,Operations,0.835,1,83.5,1,Normal,0
EMP01618,Operations,0.835,1,71.1,0,Normal,0
EMP01293,Sales,0.833,1,83.5,1,Normal,0
EMP01645,Marketing,0.833,1,84.9,0,Normal,0
EMP00908,Operations,0.832,1,93.0,1,Normal,0
EMP01237,Sales,0.83,1,108.2,1,Normal,0
EMP01539,Sales,0.83,1,68.8,0,Normal,0
EMP01746,Sales,0.83,1,86.4,1,Normal,0
EMP00972,Sales,0.829,1,94.4,1,Normal,0
EMP01189,Sales,0.829,1,112.5,1,Normal,0
EMP00187,Operations,0.828,1,108.2,1,Normal,0
EMP00699,HR,0.827,1,119.9,1,Normal,0
EMP00901,Technology,0.827,1,86.6,1,Normal,0
EMP01069,Sales,0.827,1,103.5,1,Normal,0
EMP01315,Finance,0.827,1,118.6,1,Normal,0
EMP01882,Sales,0.827,1,77.0,0,Normal,0
EMP00916,Marketing,0.826,1,77.0,0,Normal,0
EMP00929,Operations,0.826,1,119.4,1,Normal,0
EMP00270,Sales,0.825,1,63.3,0,Normal,0
EMP01065,Finance,0.825,1,112.5,1,Normal,0
EMP01517,Marketing,0.825,1,97.4,1,Normal,0
EMP01667,Sales,0.825,1,118.6,1,Normal,0
EMP01596,Finance,0.824,1,77.0,0,Normal,0
EMP00651,Operations,0.823,1,77.0,0,Normal,0
EMP01838,Operations,0.823,1,112.5,1,Normal,0
EMP00543,Technology,0.822,1,94.4,1,Normal,0
EMP01748,HR,0.822,1,86.4,0,Normal,0
EMP00737,Operations,0.819,1,119.9,1,Normal,0
EMP01648,HR,0.819,1,112.5,1,Normal,0
EMP01135,Sales,0.818,1,104.4,1,Normal,0
EMP00427,Marketing,0.816,1,83.5,1,Normal,0
EMP00213,Technology,0.815,1,92.4,1,Normal,0
EMP00693,Operations,0.814,1,119.4,1,Normal,0
EMP00747,Sales,0.813,1,79.1,0,Normal,0
EMP00900,Technology,0.813,1,93.0,1,Normal,0
EMP01374,HR,0.813,1,63.3,0,Normal,0
EMP01037,Marketing,0.812,1,71.1,0,Normal,0
EMP01432,Technology,0.812,1,68.8,0,Normal,0
EMP00268,Operations,0.811,1,111.7,1,Normal,0
EMP01225,HR,0.811,1,119.9,1,Normal,0
EMP01477,Sales,0.811,1,66.3,0,Normal,0
EMP01760,Marketing,0.811,1,87.8,1,Normal,0
EMP00089,Technology,0.809,1,86.4,0,Normal,0
EMP01329,Operations,0.809,1,119.9,1,Normal,0
EMP01206,Marketing,0.805,1,103.5,1,Normal,0
EMP00073,Technology,0.804,1,86.4,1,Normal,0
EMP00109,Sales,0.804,1,119.9,1,Normal,0
EMP01355,Operations,0.803,1,68.8,0,Normal,0
EMP01881,Operations,0.801,1,79.1,1,Normal,0
EMP01215,Operations,0.8,1,92.4,1,Normal,0
EMP00037,Technology,0.799,1,115.8,1,Normal,0
EMP00644,Finance,0.799,1,79.1,0,Normal,0
EMP01435,Finance,0.799,1,119.9,1,Normal,0
EMP01541,Operations,0.797,1,87.8,1,Normal,0
EMP00914,Sales,0.796,1,119.4,1,Normal,0
EMP01524,Operations,0.792,1,117.7,1,Normal,0
EMP01715,Technology,0.792,1,103.5,1,Normal,0
EMP00261,Sales,0.789,1,119.4,1,Normal,0
EMP01246,Technology,0.789,1,77.0,0,Normal,0
EMP01823,Operations,0.789,1,103.5,1,Normal,0
EMP01521,Sales,0.788,1,77.0,1,Normal,0
EMP01899,Technology,0.788,1,92.4,1,Normal,0
EMP00136,Sales,0.787,1,112.5,1,Normal,0
EMP00421,Sales,0.786,1,119.9,1,Normal,0
EMP00511,Operations,0.786,1,103.5,1,Normal,0
EMP01232,Technology,0.786,1,117.7,1,Normal,0
EMP01434,Finance,0.785,1,100.2,1,Normal,0
EMP01727,Operations,0.785,1,86.4,0,Normal,0
EMP01698,Operations,0.784,1,92.4,1,Normal,0
EMP00173,Operations,0.783,1,93.0,1,Normal,0
EMP00906,Operations,0.783,1,94.4,1,Normal,0
EMP01496,Technology,0.783,1,119.9,1,Normal,0
EMP01723,Finance,0.783,1,84.9,1,Normal,0
EMP00946,Sales,0.781,1,97.4,1,Normal,0
EMP01063,Operations,0.781,1,93.0,1,Normal,0
EMP01490,Technology,0.781,1,119.9,1,Normal,0
EMP00218,Finance,0.78,1,111.7,1,Normal,0
EMP01330,Marketing,0.78,1,83.5,1,Normal,0
EMP01665,HR,0.78,1,112.5,1,Normal,0
EMP00400,Operations,0.779,1,87.8,1,Normal,0
EMP00842,Technology,0.779,1,111.7,1,Normal,0
EMP01096,Operations,0.774,1,115.8,1,Normal,0
EMP00181,Operations,0.772,1,100.2,1,Normal,0
EMP00176,Operations,0.77,1,112.5,1,Normal,0
EMP00359,Technology,0.77,1,115.8,1,Normal,0
EMP01269,Operations,0.768,1,92.4,1,Normal,0
EMP01735,Operations,0.767,1,119.9,1,Normal,0
EMP00918,Operations,0.766,1,83.5,1,Normal,0
EMP00702,Technology,0.765,1,107.4,1,Normal,0
EMP00148,Operations,0.764,1,87.8,1,Normal,0
EMP01104,Finance,0.764,1,58.6,0,Normal,0
EMP01292,HR,0.764,1,66.3,0,Normal,0
EMP00127,Operations,0.763,1,84.9,1,Normal,0
EMP01288,Technology,0.763,1,66.3,0,Normal,0
EMP01487,Sales,0.762,1,87.8,1,Normal,0
EMP00188,Technology,0.761,1,77.0,0,Normal,0
EMP00700,Operations,0.761,1,84.9,1,Normal,0
EMP00274,Sales,0.758,1,97.4,1,Normal,0
EMP01067,Operations,0.755,1,112.0,1,Normal,0
EMP01452,Sales,0.754,1,119.4,1,Normal,0
EMP00280,Technology,0.753,1,115.8,1,Normal,0
EMP00802,Technology,0.749,1,94.4,1,Normal,0
EMP01783,Technology,0.749,1,83.5,1,Normal,0
EMP00425,HR,0.746,1,77.0,0,Normal,0
EMP00909,Marketing,0.745,1,94.4,1,Normal,0
EMP00840,Operations,0.744,1,104.4,1,Normal,0
EMP01379,Technology,0.744,1,119.9,1,Normal,0
EMP00612,Marketing,0.743,1,97.4,1,Normal,0
EMP01826,Technology,0.743,1,83.5,1,Normal,0
EMP01334,Technology,0.742,1,84.9,1,Normal,0
EMP00508,Operations,0.738,1,71.1,0,Normal,0
EMP01825,Technology,0.738,1,92.4,1,Normal,0
EMP00133,HR,0.736,1,71.1,0,Normal,0
EMP00329,Sales,0.736,1,66.3,0,Normal,0
EMP00527,Sales,0.735,1,104.4,1,Normal,0
EMP01585,Operations,0.735,1,68.8,0,Normal,0
EMP01050,Finance,0.733,1,83.5,1,Normal,0
EMP01314,Operations,0.733,1,118.6,1,Normal,0
EMP01173,Sales,0.73,1,112.5,1,Normal,0
EMP01494,Sales,0.73,1,79.1,0,Normal,0
EMP01680,Technology,0.73,1,102.4,1,Normal,0
EMP00903,Operations,0.728,1,93.0,1,Normal,0
EMP00104,Technology,0.727,1,86.6,1,Normal,0
EMP00599,Sales,0.727,1,103.5,1,Normal,0
EMP00542,Sales,0.726,1,117.7,1,Normal,0
EMP01041,Operations,0.726,1,119.9,1,Normal,0
EMP00269,HR,0.725,1,110.9,1,Normal,0
EMP00649,Operations,0.725,1,83.5,0,Normal,0
EMP00110,Technology,0.711,1,77.0,0,Normal,0
EMP00435,Technology,0.71,1,93.0,1,Normal,0
EMP01468,Operations,0.71,1,118.6,1,Normal,0
EMP00023,Operations,0.706,1,119.9,1,Normal,0
EMP01614,Technology,0.705,1,84.9,0,Normal,0
EMP00156,Operations,0.703,1,112.5,1,Normal,0
EMP01890,HR,0.703,1,83.5,0,Normal,0
EMP00380,Operations,0.701,1,86.4,1,Normal,0
EMP00597,Technology,0.7,1,103.5,1,Normal,0
EMP01357,Operations,0.7,1,110.9,1,Normal,0
EMP00902,Sales,0.699,1,117.7,1,Normal,0
EMP00521,Sales,0.696,1,93.0,1,Normal,0
EMP00031,Technology,0.69,1,119.9,1,Normal,0
EMP01555,Sales,0.69,1,77.0,0,Normal,0
EMP01848,Sales,0.689,1,93.0,1,Normal,0
EMP01861,Sales,0.688,1,63.3,0,Normal,0
EMP00326,Operations,0.685,1,115.8,1,Normal,0
EMP01782,Operations,0.685,1,97.4,1,Normal,0
EMP00625,Technology,0.684,1,111.7,1,Normal,0
EMP01601,Technology,0.684,1,119.9,1,Normal,0
EMP00272,Finance,0.683,1,71.1,0,Normal,0
EMP00419,Operations,0.681,1,77.0,0,Normal,0
EMP00098,Finance,0.676,1,63.3,0,Normal,0
EMP00386,Sales,0.676,1,119.9,1,Normal,0
EMP01127,Sales,0.676,1,93.0,1,Normal,0
EMP01058,Technology,0.672,1,102.4,1,Normal,0
EMP00712,Sales,0.671,1,68.8,0,Normal,0
EMP00083,Marketing,0.67,1,117.7,1,Normal,0
EMP00442,Operations,0.67,1,66.3,0,Normal,0
EMP00202,Technology,0.668,1,108.2,1,Normal,0
EMP00451,Operations,0.668,1,108.2,1,Normal,0
EMP01803,Operations,0.668,1,97.4,1,Normal,0
EMP01586,Operations,0.658,1,115.8,1,Normal,0
EMP01588,Operations,0.658,1,92.4,1,Normal,0
EMP01725,Operations,0.658,1,117.7,1,Normal,0
EMP01046,Technology,0.657,1,119.9,1,Normal,0
EMP00659,Operations,0.655,1,94.4,1,Normal,0
EMP00733,Technology,0.653,1,103.5,1,Normal,0
EMP01795,Technology,0.652,1,87.8,1,Normal,0
EMP00240,Technology,0.651,1,118.6,1,Normal,0
EMP01417,Marketing,0.65,1,100.2,1,Normal,0
EMP01070,Technology,0.649,1,94.4,1,Normal,0
EMP01894,Technology,0.648,1,119.9,1,Normal,0
EMP00924,Finance,0.645,1,63.3,0,Normal,0
EMP01898,Operations,0.643,1,77.0,0,Normal,0
EMP01961,Operations,0.636,1,104.4,1,Normal,0
EMP01391,Sales,0.634,1,87.8,1,Normal,0
EMP01780,Technology,0.632,1,87.8,1,Normal,0
EMP01637,Sales,0.629,1,107.4,1,Normal,0
EMP00293,Finance,0.624,1,92.4,1,Normal,0
EMP00886,Technology,0.624,1,117.7,1,Normal,0
EMP00557,Operations,0.623,1,97.4,1,Normal,0
EMP00637,Technology,0.62,1,103.5,1,Normal,0
EMP01773,Operations,0.62,1,104.4,1,Normal,0
EMP00744,Sales,0.615,1,115.8,1,Normal,0
EMP01864,Technology,0.613,1,102.4,1,Normal,0
EMP01891,Operations,0.605,1,119.9,1,Normal,0
EMP00151,Sales,0.602,1,103.5,1,Normal,0
EMP00526,Technology,0.6,1,107.4,1,Normal,0
EMP01451,Sales,0.6,1,79.1,1,Normal,0
EMP01659,Technology,0.599,1,93.0,1,Normal,0
EMP01347,Technology,0.596,1,86.4,1,Normal,0
EMP00144,Technology,0.592,1,118.6,1,Normal,0
EMP00354,Technology,0.586,1,119.9,1,Normal,0
EMP01860,Sales,0.585,1,83.5,1,Normal,0
EMP00670,Marketing,0.57,1,119.9,1,Normal,0
EMP01584,Operations,0.57,1,97.4,1,Normal,0
EMP01507,Sales,0.561,1,71.1,0,Normal,0
EMP00481,Finance,0.548,1,84.9,1,Normal,0
EMP01165,Technology,0.546,1,119.9,1,Normal,0
EMP01121,Technology,0.545,1,97.4,1,Normal,0
EMP01245,Technology,0.545,1,112.0,1,Normal,0
EMP00285,Operations,0.543,1,77.0,0,Normal,0
EMP01959,Technology,0.542,1,118.6,1,Normal,0
EMP00005,Marketing,0.539,1,104.4,1,Normal,0
EMP01958,Technology,0.539,1,94.4,1,Normal,0
EMP00755,HR,0.537,1,86.4,1,Normal,0
EMP00032,Marketing,0.536,1,119.9,1,Normal,0
EMP01875,Sales,0.536,1,119.9,1,Normal,0
EMP00348,Operations,0.533,1,118.6,1,Normal,0
EMP00391,Operations,0.533,1,87.8,1,Normal,0
EMP01970,Operations,0.533,1,86.4,0,Normal,0
EMP00566,Technology,0.53,1,58.6,0,Normal,0
EMP00287,Finance,0.529,1,58.6,0,Normal,0
EMP00105,Operations,0.527,1,87.8,1,Normal,0
EMP01853,Technology,0.524,1,111.7,1,Normal,0
EMP01988,Operations,0.524,1,92.4,1,Normal,0
EMP01732,Marketing,0.523,1,66.3,0,Normal,0
EMP01115,HR,0.518,1,119.9,1,Normal,0
EMP01841,Operations,0.518,1,71.1,0,Normal,0
EMP01936,Technology,0.518,1,93.0,1,Normal,0
EMP01943,Operations,0.516,1,118.6,1,Normal,0
EMP00093,Operations,0.513,1,77.0,0,Normal,0
EMP01123,Operations,0.511,1,97.4,1,Normal,0
EMP01200,HR,0.505,1,100.2,1,Normal,0
EMP00255,Finance,0.504,1,104.4,1,Normal,0
EMP00016,Operations,0.503,1,112.5,1,Normal,0
EMP01265,Operations,0.5,0,103.5,1,Normal,0
EMP00634,Marketing,0.494,0,119.9,1,Normal,0
EMP00742,Operations,0.491,0,108.2,1,Normal,0
EMP01412,Operations,0.491,0,66.3,0,Normal,0
EMP00042,Sales,0.49,0,118.6,1,Normal,0
EMP01406,Operations,0.488,0,93.0,1,Normal,0
EMP01662,Sales,0.488,0,103.5,1,Normal,0
EMP01306,HR,0.486,0,115.8,1,Normal,0
EMP00381,Sales,0.484,0,118.6,1,Normal,0
EMP01039,Finance,0.482,0,68.8,0,Normal,0
EMP01876,Operations,0.482,0,119.9,1,Normal,0
EMP00117,Technology,0.478,0,77.0,0,Normal,0
EMP00489,Technology,0.475,0,94.4,1,Normal,0
EMP01229,Finance,0.475,0,119.9,1,Normal,0
EMP01408,Sales,0.467,0,112.5,1,Normal,0
EMP00629,Operations,0.465,0,68.8,0,Normal,0
EMP01280,Operations,0.46,0,108.2,1,Normal,0
EMP00787,Operations,0.457,0,77.0,0,Normal,0
EMP01289,Operations,0.457,0,97.4,1,Normal,0
EMP00782,Technology,0.455,0,86.6,1,Normal,0
EMP01540,Finance,0.454,0,119.9,1,Normal,0
EMP00155,Sales,0.452,0,119.9,1,Normal,0
EMP01636,Operations,0.45,0,94.4,1,Normal,0
EMP00763,Sales,0.445,0,100.2,1,Normal,0
EMP01851,Technology,0.441,0,63.3,0,Normal,0
EMP01224,HR,0.438,0,92.4,1,Normal,0
EMP01455,Sales,0.436,0,77.0,0,Normal,0
EMP00044,Technology,0.435,0,84.9,0,Normal,0
EMP00141,Technology,0.435,0,93.0,1,Normal,0
EMP00774,Technology,0.435,0,119.9,1,Normal,0
EMP00853,Technology,0.432,0,103.5,1,Normal,0
EMP00086,Technology,0.43,0,94.4,1,Normal,0
EMP00710,Sales,0.429,0,94.4,1,Normal,0
EMP01276,Technology,0.428,0,93.0,1,Normal,0
EMP00846,Marketing,0.426,0,87.8,0,Normal,0
EMP01075,Marketing,0.423,0,111.7,1,Normal,0
EMP01441,Technology,0.423,0,117.7,1,Normal,0
EMP01277,Operations,0.422,0,66.3,0,Normal,0
EMP01656,Finance,0.422,0,77.0,0,Normal,0
EMP01731,Sales,0.415,0,97.4,1,Normal,0
EMP01208,Technology,0.414,0,93.0,1,Normal,0
EMP01336,Technology,0.414,0,100.2,1,Normal,0
EMP00169,Operations,0.41,0,107.4,1,Normal,0
EMP01635,Sales,0.41,0,119.4,1,Normal,0
EMP01915,HR,0.408,0,118.6,1,Normal,0
EMP01523,Technology,0.405,0,92.4,1,Normal,0
EMP00545,Technology,0.403,0,84.9,0,Normal,0
EMP01014,Operations,0.401,0,87.8,0,Normal,0
EMP00063,Sales,0.399,0,112.5,1,Normal,0
EMP00665,Sales,0.399,0,111.7,1,Normal,0
EMP01092,Operations,0.399,0,86.6,1,Normal,0
EMP00792,Finance,0.394,0,84.9,1,Normal,0
EMP01304,Technology,0.388,0,68.8,0,Normal,0
EMP00492,Technology,0.387,0,92.4,1,Normal,0
EMP01711,Marketing,0.386,0,118.6,1,Normal,0
EMP01784,Marketing,0.386,0,103.5,1,Normal,0
EMP00411,Sales,0.385,0,97.4,1,Normal,0
EMP01718,Sales,0.384,0,112.5,1,Normal,0
EMP00161,Technology,0.383,0,103.5,1,Normal,0
EMP01518,Sales,0.381,0,58.6,0,Normal,0
EMP00009,Sales,0.377,0,112.0,1,Normal,0
EMP00942,Operations,0.377,0,103.5,1,Normal,0
EMP01809,Technology,0.377,0,119.9,1,Normal,0
EMP01301,Operations,0.374,0,119.9,1,Normal,0
EMP00978,Technology,0.369,0,119.9,1,Normal,0
EMP00571,Technology,0.368,0,63.3,0,Normal,0
EMP01233,Sales,0.368,0,63.3,0,Normal,0
EMP01815,Marketing,0.367,0,119.4,1,Normal,0
EMP01297,Operations,0.361,0,119.9,1,Normal,0
EMP00957,Technology,0.358,0,112.0,1,Normal,0
EMP01832,Operations,0.358,0,87.8,1,Normal,0
EMP00167,Technology,0.356,0,58.6,0,Normal,0
EMP00790,Technology,0.351,0,94.4,1,Normal,0
EMP01247,Technology,0.351,0,117.7,1,Anomaly,0
EMP01308,HR,0.351,0,117.7,1,Normal,0
EMP00052,Technology,0.349,0,118.6,1,Normal,0
EMP01196,Sales,0.348,0,66.3,0,Normal,0
EMP00476,Technology,0.344,0,119.9,1,Normal,0
EMP00785,Sales,0.342,0,104.4,1,Normal,0
EMP01859,Operations,0.341,0,118.6,1,Normal,0
EMP01653,Technology,0.34,0,84.9,1,Normal,0
EMP01311,Sales,0.333,0,100.2,1,Normal,0
EMP00239,Operations,0.331,0,84.9,1,Normal,0
EMP00153,Sales,0.33,0,119.9,1,Normal,0
EMP00729,HR,0.329,0,119.4,1,Normal,0
EMP00572,Sales,0.327,0,97.4,1,Normal,0
EMP01914,Operations,0.327,0,104.4,1,Normal,0
EMP00309,Technology,0.324,0,92.4,1,Normal,0
EMP01913,Operations,0.324,0,71.1,0,Normal,0
EMP00069,Sales,0.323,0,94.4,1,Normal,0
EMP01151,Technology,0.32,0,118.6,1,Normal,0
EMP00506,Operations,0.319,0,119.4,1,Anomaly,0
EMP00715,Technology,0.319,0,100.2,1,Normal,0
EMP00907,Sales,0.319,0,93.0,1,Normal,0
EMP01364,Technology,0.318,0,79.1,0,Normal,0
EMP00777,Technology,0.315,0,108.2,1,Normal,0
EMP01017,Operations,0.315,0,97.4,1,Normal,0
EMP00150,Operations,0.313,0,63.3,0,Normal,0
EMP01119,Technology,0.312,0,93.0,1,Normal,0
EMP01776,Operations,0.312,0,79.1,0,Normal,0
EMP01775,Sales,0.311,0,112.5,1,Normal,0
EMP00520,Technology,0.31,0,112.0,1,Normal,0
EMP00880,Operations,0.309,0,102.4,1,Normal,0
EMP01146,Technology,0.309,0,107.4,1,Normal,0
EMP00646,Finance,0.307,0,66.3,0,Normal,0
EMP01169,Marketing,0.303,0,115.8,1,Normal,0
EMP00806,Operations,0.3,0,66.3,0,Normal,0
EMP01536,Finance,0.298,0,110.9,1,Normal,0
EMP01745,Finance,0.296,0,110.9,1,Normal,0
EMP01029,Sales,0.291,0,77.0,0,Normal,0
EMP01153,Sales,0.289,0,119.4,1,Normal,0
EMP01483,Operations,0.287,0,83.5,0,Normal,0
EMP00560,Operations,0.284,0,103.5,1,Normal,0
EMP00598,Technology,0.283,0,86.4,1,Normal,0
EMP00687,Technology,0.283,0,119.9,1,Normal,0
EMP00741,Technology,0.281,0,112.5,1,Normal,0
EMP01420,Finance,0.28,0,77.0,0,Normal,0
EMP00314,Technology,0.277,0,119.9,1,Normal,0
EMP00555,Technology,0.277,0,119.4,1,Normal,0
EMP00414,Sales,0.276,0,68.8,0,Normal,0
EMP01824,Operations,0.276,0,119.9,1,Normal,0
EMP00558,Sales,0.274,0,102.4,1,Normal,0
EMP00738,HR,0.271,0,119.9,1,Normal,0
EMP01239,Marketing,0.269,0,84.9,0,Normal,0
EMP01604,HR,0.269,0,83.5,0,Normal,0
EMP00107,Sales,0.267,0,118.6,1,Normal,0
EMP00152,Technology,0.267,0,112.0,1,Normal,0
EMP00752,Sales,0.266,0,119.9,1,Normal,0
EMP01325,Technology,0.263,0,84.9,0,Normal,0
EMP01673,Marketing,0.262,0,112.5,1,Normal,0
EMP00689,Operations,0.261,0,83.5,1,Normal,0
EMP00837,Operations,0.261,0,84.9,0,Normal,0
EMP01917,HR,0.261,0,77.0,0,Normal,0
EMP00686,Sales,0.26,0,97.4,1,Normal,0
EMP01145,Operations,0.259,0,108.2,1,Normal,0
EMP00784,Finance,0.255,0,77.0,0,Normal,0
EMP00204,Technology,0.254,0,111.7,1,Normal,0
EMP00934,Sales,0.254,0,84.9,0,Normal,0
EMP01133,Sales,0.254,0,117.7,1,Normal,0
EMP00299,Technology,0.253,0,86.4,1,Normal,0
EMP00973,Technology,0.252,0,104.4,1,Normal,0
EMP00373,Technology,0.251,0,94.4,1,Normal,0
EMP00056,Operations,0.25,0,93.0,1,Normal,0
EMP00282,Sales,0.25,0,63.3,0,Normal,0
EMP01386,Sales,0.25,0,119.9,1,Normal,0
EMP01808,Finance,0.249,0,63.3,0,Normal,0
EMP01872,Finance,0.249,0,71.1,0,Normal,0
EMP01270,Finance,0.248,0,66.3,0,Normal,0
EMP00096,Technology,0.247,0,103.5,1,Normal,0
EMP01766,Sales,0.247,0,119.9,1,Normal,0
EMP01868,Operations,0.244,0,97.4,1,Normal,0
EMP00006,Operations,0.242,0,87.8,1,Normal,0
EMP00163,Technology,0.239,0,103.5,1,Normal,0
EMP01666,Operations,0.237,0,83.5,0,Normal,0
EMP01072,HR,0.234,0,119.9,1,Normal,0
EMP01750,Operations,0.234,0,77.0,0,Normal,0
EMP00998,Technology,0.233,0,112.0,1,Normal,0
EMP00250,Operations,0.231,0,97.4,1,Normal,0
EMP01828,Finance,0.229,0,77.0,0,Normal,0
EMP01787,Sales,0.228,0,97.4,1,Anomaly,0
EMP01830,Marketing,0.226,0,71.1,0,Normal,0
EMP01026,Marketing,0.219,0,79.1,0,Normal,0
EMP01476,Operations,0.218,0,103.5,1,Normal,0
EMP00407,Technology,0.217,0,118.6,1,Normal,0
EMP00087,Technology,0.213,0,77.0,0,Normal,0
EMP00271,Technology,0.213,0,63.3,0,Anomaly,0
EMP00012,Operations,0.206,0,97.4,1,Normal,0
EMP00227,Operations,0.202,0,71.1,0,Normal,0
EMP00262,Marketing,0.201,0,97.4,1,Anomaly,0
EMP00879,Technology,0.201,0,118.6,1,Normal,0
EMP00246,Technology,0.199,0,86.4,1,Normal,0
EMP00743,Sales,0.199,0,119.9,1,Normal,0
EMP01880,Technology,0.199,0,117.7,1,Normal,0
EMP00691,Technology,0.198,0,112.5,1,Normal,0
EMP00791,Operations,0.198,0,102.4,1,Normal,0
EMP00604,Technology,0.197,0,111.7,1,Normal,0
EMP01262,Marketing,0.196,0,77.0,0,Normal,0
EMP00186,Sales,0.195,0,77.0,0,Normal,0
EMP01036,Marketing,0.193,0,119.9,1,Normal,0
EMP01941,Marketing,0.193,0,77.0,0,Normal,0
EMP01767,Sales,0.192,0,119.9,1,Normal,0
EMP01497,HR,0.191,0,119.9,1,Normal,0
EMP00008,Sales,0.19,0,77.0,0,Anomaly,0
EMP00433,HR,0.189,0,118.6,1,Normal,0
EMP00209,Marketing,0.186,0,119.9,1,Normal,0
EMP00921,Technology,0.186,0,107.4,1,Normal,0
EMP00861,Technology,0.185,0,118.6,1,Normal,0
EMP00027,Operations,0.184,0,119.9,1,Normal,0
EMP00011,Technology,0.183,0,84.9,1,Normal,0
EMP00980,Sales,0.183,0,119.9,1,Normal,0
EMP01044,Operations,0.183,0,100.2,1,Normal,0
EMP01399,Technology,0.182,0,119.4,1,Normal,0
EMP01509,Technology,0.182,0,58.6,0,Normal,0
EMP01186,Sales,0.178,0,119.9,1,Normal,0
EMP00035,Marketing,0.176,0,71.1,0,Normal,0
EMP00603,Operations,0.176,0,119.9,1,Normal,0
EMP00081,Sales,0.175,0,97.4,1,Normal,0
EMP00375,Sales,0.175,0,119.9,1,Normal,0
EMP00465,Technology,0.175,0,66.3,0,Normal,0
EMP01980,Marketing,0.175,0,58.6,0,Normal,0
EMP00652,Technology,0.173,0,71.1,0,Normal,0
EMP00510,Technology,0.172,0,110.9,1,Normal,0
EMP00740,Technology,0.171,0,119.9,1,Normal,0
EMP01595,Finance,0.17,0,84.9,1,Normal,0
EMP00385,Technology,0.169,0,84.9,0,Normal,0
EMP01813,Technology,0.167,0,112.5,1,Normal,0
EMP01905,Finance,0.163,0,110.9,1,Normal,0
EMP00082,Technology,0.162,0,84.9,1,Normal,0
EMP00352,Technology,0.158,0,79.1,0,Normal,0
EMP01359,Operations,0.157,0,119.9,1,Normal,0
EMP00676,Technology,0.156,0,71.1,0,Normal,0
EMP00621,Operations,0.154,0,77.0,0,Normal,0
EMP01191,Operations,0.15,0,103.5,1,Normal,0
EMP01185,Technology,0.149,0,83.5,0,Normal,0
EMP00956,Technology,0.148,0,84.9,1,Normal,0
EMP00673,HR,0.146,0,77.0,0,Normal,0
EMP00340,Technology,0.145,0,102.4,1,Normal,0
EMP01318,Operations,0.145,0,97.4,1,Anomaly,0
EMP01979,Technology,0.145,0,84.9,0,Normal,0
EMP01103,Operations,0.143,0,94.4,1,Normal,0
EMP01740,Technology,0.143,0,108.2,1,Normal,0
EMP00263,Technology,0.142,0,77.0,0,Normal,0
EMP00423,Technology,0.142,0,119.9,1,Normal,0
EMP01663,Operations,0.142,0,102.4,1,Normal,0
EMP00855,Technology,0.141,0,102.4,1,Normal,0
EMP00954,Operations,0.141,0,97.4,1,Normal,0
EMP01994,Sales,0.141,0,84.9,1,Normal,0
EMP00320,Technology,0.138,0,119.9,1,Normal,0
EMP00080,Technology,0.134,0,84.9,0,Normal,0
EMP01348,Technology,0.133,0,108.2,1,Anomaly,0
EMP00463,Technology,0.132,0,77.0,0,Normal,0
EMP01822,Sales,0.126,0,102.4,1,Normal,0
EMP00238,Marketing,0.124,0,102.4,1,Normal,0
EMP00447,Sales,0.124,0,84.9,0,Normal,0
EMP01372,Technology,0.124,0,111.7,1,Normal,0
EMP00298,Operations,0.123,0,97.4,1,Normal,0
EMP01481,Sales,0.123,0,84.9,1,Normal,0
EMP01965,Marketing,0.123,0,119.9,1,Normal,0
EMP01722,Operations,0.121,0,102.4,1,Normal,0
EMP00323,Technology,0.119,0,84.9,0,Normal,0
EMP01951,Marketing,0.119,0,79.1,0,Normal,0
EMP00793,Operations,0.117,0,118.6,1,Normal,0
EMP00965,Sales,0.115,0,112.5,1,Normal,0
EMP01520,Technology,0.114,0,77.0,0,Normal,0
EMP01350,Operations,0.111,0,110.9,1,Normal,0
EMP01651,Operations,0.111,0,84.9,1,Normal,0
EMP01810,Marketing,0.11,0,77.0,0,Normal,0
EMP00671,Operations,0.106,0,63.3,0,Normal,0
EMP01353,Technology,0.106,0,102.4,1,Normal,0
EMP01534,Sales,0.105,0,71.1,0,Normal,0
EMP01770,Sales,0.105,0,71.1,0,Normal,0
EMP01383,Technology,0.104,0,77.0,0,Normal,0
EMP00860,Technology,0.102,0,77.0,0,Normal,0
EMP01553,Technology,0.102,0,63.3,0,Normal,0
EMP01807,Technology,0.102,0,84.9,0,Normal,0
EMP01818,Marketing,0.102,0,66.3,0,Normal,0
EMP01960,Operations,0.102,0,84.9,0,Normal,0
EMP00295,Marketing,0.101,0,97.4,1,Normal,0
EMP00999,Technology,0.101,0,110.9,1,Normal,0
EMP00870,Technology,0.1,0,119.4,1,Normal,0
EMP01857,Technology,0.1,0,77.0,0,Normal,0
EMP00850,HR,0.099,0,102.4,1,Normal,0
EMP00135,Technology,0.097,0,84.9,1,Normal,0
EMP00374,Operations,0.096,0,110.9,1,Normal,0
EMP00453,Finance,0.096,0,112.5,1,Normal,0
EMP00504,Sales,0.096,0,97.4,1,Normal,0
EMP01394,Finance,0.095,0,87.8,1,Normal,0
EMP01449,Marketing,0.095,0,84.9,0,Normal,0
EMP00294,Marketing,0.093,0,71.1,0,Normal,0
EMP00466,Operations,0.093,0,93.0,1,Normal,0
EMP00640,Technology,0.093,0,118.6,1,Normal,0
EMP01031,Sales,0.092,0,77.0,0,Normal,0
EMP00608,Technology,0.091,0,103.5,1,Normal,0
EMP00959,Technology,0.091,0,77.0,0,Anomaly,0
EMP00304,Sales,0.09,0,110.9,1,Normal,0
EMP00286,Finance,0.089,0,110.9,1,Normal,0
EMP01302,Marketing,0.089,0,77.0,0,Normal,0
EMP00500,Technology,0.088,0,87.8,0,Normal,0
EMP00523,Sales,0.087,0,102.4,1,Normal,0
EMP00800,Finance,0.087,0,97.4,1,Normal,0
EMP01278,Technology,0.086,0,102.4,1,Normal,0
EMP00043,Technology,0.085,0,110.9,1,Normal,0
EMP01401,Sales,0.084,0,110.9,1,Normal,0
EMP00146,Technology,0.083,0,97.4,1,Normal,0
EMP00361,Finance,0.083,0,86.4,1,Normal,0
EMP01267,Technology,0.083,0,97.4,1,Normal,0
EMP01791,Sales,0.079,0,110.9,1,Normal,0
EMP00114,Technology,0.075,0,77.0,0,Normal,0
EMP01624,Technology,0.075,0,112.5,1,Anomaly,0
EMP01992,Operations,0.074,0,77.0,0,Normal,0
EMP00578,Operations,0.073,0,97.4,1,Normal,0
EMP00642,Finance,0.073,0,110.9,1,Normal,0
EMP01846,Operations,0.073,0,77.0,0,Normal,0
EMP00058,Operations,0.072,0,97.4,1,Normal,0
EMP00094,Sales,0.072,0,77.0,0,Normal,0
EMP01400,Technology,0.072,0,84.9,0,Normal,0
EMP00892,Technology,0.07,0,84.9,0,Normal,0
EMP01007,Operations,0.069,0,110.9,1,Normal,0
EMP00681,Operations,0.068,0,97.4,1,Normal,0
EMP01296,Sales,0.068,0,110.9,1,Normal,0
EMP01236,Technology,0.067,0,84.9,1,Normal,0
EMP01042,Finance,0.066,0,86.4,1,Normal,0
EMP00711,Technology,0.063,0,117.7,1,Normal,0
EMP00333,Operations,0.062,0,79.1,1,Normal,0
EMP00554,Marketing,0.061,0,97.4,1,Normal,0
EMP01282,Technology,0.061,0,86.4,1,Normal,0
EMP01425,Technology,0.061,0,103.5,1,Normal,0
EMP01164,Technology,0.06,0,119.9,1,Normal,0
EMP00528,Technology,0.059,0,97.4,1,Normal,0
EMP00911,HR,0.059,0,110.9,1,Normal,0
EMP01975,Finance,0.059,0,79.1,0,Normal,0
EMP00145,Technology,0.058,0,102.4,1,Normal,0
EMP00275,Technology,0.058,0,84.9,0,Normal,0
EMP00070,Operations,0.057,0,97.4,1,Normal,0
EMP00654,Operations,0.057,0,110.9,1,Normal,0
EMP01250,Sales,0.056,0,102.4,1,Normal,0
EMP01052,Marketing,0.055,0,63.3,0,Normal,0
EMP00406,Sales,0.054,0,86.4,1,Anomaly,0
EMP00933,Marketing,0.054,0,77.0,0,Normal,0
EMP00432,Technology,0.052,0,97.4,1,Anomaly,0
EMP00570,Technology,0.052,0,77.0,0,Normal,0
EMP01923,Technology,0.052,0,112.5,1,Normal,0
EMP01201,Technology,0.051,0,77.0,1,Normal,0
EMP00799,Technology,0.049,0,79.1,0,Normal,0
EMP01134,Technology,0.049,0,84.9,1,Normal,0
EMP00493,Sales,0.048,0,79.1,0,Normal,0
EMP00660,Finance,0.048,0,110.9,1,Normal,0
EMP00843,Operations,0.047,0,110.9,1,Normal,0
EMP01118,Operations,0.047,0,79.1,0,Normal,0
EMP01485,Technology,0.047,0,84.9,0,Normal,0
EMP01758,Technology,0.047,0,110.9,1,Normal,0
EMP01310,Sales,0.045,0,87.8,0,Normal,0
EMP01478,HR,0.045,0,97.4,1,Normal,0
EMP00022,Technology,0.044,0,79.1,0,Normal,0
EMP01884,Sales,0.044,0,77.0,0,Anomaly,0
EMP00614,Sales,0.043,0,110.9,1,Normal,0
EMP00949,Finance,0.043,0,79.1,0,Normal,0
EMP01797,Sales,0.043,0,84.9,0,Normal,0
EMP01230,Technology,0.042,0,79.1,0,Normal,0
EMP00485,Marketing,0.041,0,117.7,1,Normal,0
EMP01741,Sales,0.041,0,68.8,0,Normal,0
EMP00420,Technology,0.04,0,86.4,0,Normal,0
EMP01003,HR,0.04,0,110.9,1,Normal,0
EMP01326,Sales,0.04,0,79.1,1,Anomaly,0
EMP01352,Finance,0.04,0,93.0,1,Normal,0
EMP00501,Sales,0.039,0,102.4,1,Normal,0
EMP01002,Operations,0.039,0,79.1,0,Anomaly,0
EMP01090,Operations,0.039,0,93.0,1,Normal,0
EMP01342,Technology,0.039,0,79.1,0,Normal,0
EMP01433,HR,0.039,0,86.4,1,Normal,0
EMP00159,Technology,0.038,0,102.4,1,Normal,0
EMP00254,Technology,0.038,0,110.9,1,Normal,0
EMP00756,Technology,0.038,0,86.4,0,Normal,0
EMP00865,Operations,0.038,0,79.1,0,Normal,0
EMP01993,Technology,0.038,0,102.4,1,Normal,0
EMP01467,Sales,0.036,0,79.1,0,Normal,0
EMP01672,Technology,0.036,0,84.9,0,Normal,0
EMP00775,Operations,0.033,0,87.8,1,Normal,0
EMP00882,Technology,0.032,0,77.0,0,Anomaly,0
EMP01777,Technology,0.032,0,110.9,1,Normal,0
EMP01996,Operations,0.032,0,93.0,1,Normal,0
EMP00986,Operations,0.031,0,110.9,1,Normal,0
EMP01346,Finance,0.031,0,83.5,0,Normal,0
EMP01686,HR,0.031,0,79.1,0,Normal,0
EMP01922,Finance,0.031,0,97.4,1,Normal,0
EMP01209,Operations,0.03,0,68.8,0,Normal,0
EMP00125,Sales,0.029,0,79.1,0,Normal,0
EMP01850,Operations,0.029,0,77.0,0,Normal,0
EMP00706,Operations,0.028,0,93.0,1,Normal,0
EMP01801,Marketing,0.028,0,86.4,1,Normal,0
EMP00475,Technology,0.027,0,86.4,1,Normal,0
EMP00841,Operations,0.027,0,97.4,1,Anomaly,0
EMP01122,Technology,0.027,0,79.1,0,Normal,0
EMP00864,Operations,0.026,0,79.1,0,Normal,0
EMP00975,Operations,0.026,0,110.9,1,Normal,0
EMP00982,Sales,0.026,0,84.9,0,Normal,0
EMP01141,Operations,0.026,0,83.5,0,Normal,0
EMP01724,Operations,0.026,0,77.0,0,Normal,0
EMP00574,HR,0.025,0,79.1,0,Normal,0
EMP01110,Technology,0.025,0,79.1,0,Anomaly,0
EMP01309,HR,0.025,0,87.8,0,Normal,0
EMP01974,Sales,0.025,0,97.4,1,Normal,0
EMP00122,Technology,0.024,0,110.9,1,Normal,0
EMP00448,Technology,0.024,0,86.6,0,Normal,0
EMP01871,Operations,0.024,0,79.1,0,Anomaly,0
EMP01957,Technology,0.024,0,79.1,0,Normal,0
EMP01043,HR,0.023,0,93.0,1,Normal,0
EMP00316,Technology,0.022,0,93.0,1,Normal,0
EMP00498,Operations,0.022,0,86.4,1,Normal,0
EMP00559,Sales,0.022,0,86.4,1,Normal,0
EMP00695,Sales,0.022,0,110.9,1,Normal,0
EMP00876,Marketing,0.022,0,93.0,1,Normal,0
EMP01027,Technology,0.022,0,79.1,0,Normal,0
EMP01431,Operations,0.022,0,97.4,1,Normal,0
EMP01911,HR,0.022,0,71.1,0,Anomaly,0
EMP01989,Operations,0.022,0,79.1,0,Normal,0
EMP00060,Finance,0.021,0,77.0,0,Normal,0
EMP00193,Technology,0.021,0,79.1,0,Normal,0
EMP00265,Finance,0.021,0,102.4,1,Normal,0
EMP00883,Operations,0.021,0,71.1,0,Normal,0
EMP01220,Technology,0.021,0,77.0,0,Normal,0
EMP01577,Operations,0.021,0,87.8,0,Normal,0
EMP01594,Operations,0.021,0,79.1,0,Normal,0
EMP01866,Operations,0.021,0,104.4,1,Normal,0
EMP00938,Operations,0.02,0,83.5,0,Normal,0
EMP01508,Marketing,0.02,0,97.4,1,Normal,0
EMP01533,Technology,0.02,0,79.1,0,Normal,0
EMP01697,Operations,0.02,0,79.1,0,Normal,0
EMP00662,Marketing,0.019,0,83.5,0,Normal,0
EMP01354,Operations,0.019,0,93.0,1,Normal,0
EMP00440,Operations,0.018,0,93.0,1,Normal,0
EMP00502,Operations,0.018,0,71.1,0,Normal,0
EMP00593,Technology,0.018,0,79.1,0,Normal,0
EMP00804,Sales,0.018,0,77.0,0,Normal,0
EMP00887,Finance,0.018,0,93.0,1,Normal,0
EMP01140,Marketing,0.018,0,77.0,0,Normal,0
EMP01177,Operations,0.018,0,92.4,1,Normal,0
EMP01244,Operations,0.018,0,77.0,0,Normal,0
EMP01459,HR,0.018,0,94.4,1,Normal,0
EMP01729,Finance,0.018,0,86.6,1,Normal,0
EMP01973,Operations,0.018,0,77.0,0,Normal,0
EMP00168,Technology,0.017,0,87.8,0,Normal,0
EMP00264,Finance,0.017,0,117.7,1,Normal,0
EMP00341,Technology,0.017,0,110.9,1,Normal,0
EMP00365,HR,0.017,0,77.0,0,Normal,0
EMP00399,Technology,0.017,0,77.0,0,Normal,0
EMP00891,Sales,0.017,0,93.0,1,Anomaly,0
EMP01000,Finance,0.017,0,93.0,1,Normal,0
EMP01034,Finance,0.017,0,93.0,1,Normal,0
EMP01298,Technology,0.017,0,94.4,1,Normal,0
EMP01679,Marketing,0.017,0,77.0,0,Normal,0
EMP00157,HR,0.016,0,112.5,1,Normal,0
EMP00195,Sales,0.016,0,93.0,1,Normal,0
EMP00224,HR,0.016,0,86.6,0,Normal,0
EMP00820,Finance,0.016,0,117.7,1,Normal,0
EMP00878,Technology,0.016,0,115.8,1,Normal,0
EMP01124,Finance,0.016,0,93.0,1,Normal,0
EMP01147,Operations,0.016,0,112.5,1,Normal,0
EMP01150,Operations,0.016,0,79.1,0,Normal,0
EMP01339,Sales,0.016,0,79.1,0,Normal,0
EMP01652,Technology,0.016,0,83.5,1,Normal,0
EMP01710,Operations,0.016,0,117.7,1,Anomaly,0
EMP01764,Marketing,0.016,0,87.8,1,Normal,0
EMP00505,Technology,0.015,0,110.9,1,Normal,0
EMP00805,Technology,0.015,0,86.4,1,Normal,0
EMP00829,Technology,0.015,0,97.4,1,Normal,0
EMP01005,Finance,0.015,0,119.4,1,Normal,0
EMP01109,Finance,0.015,0,104.4,1,Normal,0
EMP01254,Technology,0.015,0,94.4,1,Normal,0
EMP01465,Technology,0.015,0,117.7,1,Normal,0
EMP01716,HR,0.015,0,77.0,0,Normal,0
EMP01785,Finance,0.015,0,93.0,1,Normal,0
EMP01946,HR,0.015,0,71.1,0,Normal,0
EMP00121,Operations,0.014,0,102.4,1,Normal,0
EMP00197,Sales,0.014,0,100.2,1,Normal,0
EMP00241,Technology,0.014,0,86.4,1,Normal,0
EMP00324,Technology,0.014,0,93.0,1,Normal,0
EMP00507,Sales,0.014,0,92.4,1,Normal,0
EMP01176,Operations,0.014,0,92.4,1,Normal,0
EMP01221,Technology,0.014,0,83.5,0,Normal,0
EMP01376,Marketing,0.014,0,79.1,0,Normal,0
EMP01377,HR,0.014,0,86.6,0,Normal,0
EMP01424,Operations,0.014,0,87.8,1,Normal,0
EMP01550,Technology,0.014,0,83.5,0,Normal,0
EMP01744,Operations,0.014,0,79.1,1,Normal,0
EMP01842,Sales,0.014,0,86.6,0,Normal,0
EMP01995,Sales,0.014,0,86.4,0,Normal,0
EMP02000,Finance,0.014,0,104.4,1,Normal,0
EMP00210,Operations,0.013,0,79.1,0,Normal,0
EMP00319,Sales,0.013,0,110.9,1,Normal,0
EMP00565,Sales,0.013,0,87.8,1,Normal,0
EMP00679,Finance,0.013,0,119.9,1,Normal,0
EMP00707,Technology,0.013,0,97.4,1,Normal,0
EMP00731,Marketing,0.013,0,112.5,1,Normal,0
EMP00979,Marketing,0.013,0,77.0,0,Normal,0
EMP01275,Technology,0.013,0,79.1,0,Normal,0
EMP01349,Sales,0.013,0,86.6,0,Normal,0
EMP01368,Technology,0.013,0,104.4,1,Normal,0
EMP01491,Technology,0.013,0,112.0,1,Anomaly,0
EMP01582,Operations,0.013,0,93.0,1,Normal,0
EMP01629,Finance,0.013,0,83.5,0,Normal,0
EMP01641,Marketing,0.013,0,68.8,0,Normal,0
EMP01721,Finance,0.013,0,83.5,1,Normal,0
EMP01837,Finance,0.013,0,97.4,1,Normal,0
EMP01847,Technology,0.013,0,110.9,1,Normal,0
EMP01940,Finance,0.013,0,77.0,0,Normal,0
EMP01968,Finance,0.013,0,83.5,0,Normal,0
EMP00017,Finance,0.012,0,117.7,1,Normal,0
EMP00180,Technology,0.012,0,93.0,1,Normal,0
EMP00236,Technology,0.012,0,93.0,1,Normal,0
EMP00449,Finance,0.012,0,108.2,1,Normal,0
EMP00636,Finance,0.012,0,119.4,1,Normal,0
EMP00803,Finance,0.012,0,112.5,1,Normal,0
EMP01011,Technology,0.012,0,104.4,1,Normal,0
EMP01154,Operations,0.012,0,97.4,1,Normal,0
EMP01218,HR,0.012,0,93.0,1,Normal,0
EMP01251,Technology,0.012,0,79.1,1,Normal,0
EMP01502,Operations,0.012,0,93.0,1,Normal,0
EMP01545,HR,0.012,0,100.2,1,Normal,0
EMP01580,HR,0.012,0,83.5,0,Normal,0
EMP01742,Technology,0.012,0,79.1,0,Normal,0
EMP01833,Technology,0.012,0,93.0,1,Anomaly,0
EMP00208,Technology,0.011,0,77.0,0,Normal,0
EMP00307,Finance,0.011,0,77.0,0,Normal,0
EMP00384,Operations,0.011,0,112.5,1,Normal,0
EMP00552,Technology,0.011,0,110.9,1,Normal,0
EMP00590,Operations,0.011,0,112.0,1,Anomaly,0
EMP00779,Operations,0.011,0,93.0,1,Normal,0
EMP00845,Marketing,0.011,0,93.0,1,Normal,0
EMP01010,Operations,0.011,0,103.5,1,Normal,0
EMP01241,Operations,0.011,0,77.0,0,Normal,0
EMP01411,Sales,0.011,0,87.8,1,Normal,0
EMP01616,Technology,0.011,0,87.8,1,Normal,0
EMP01885,Finance,0.011,0,103.5,1,Normal,0
EMP01953,Sales,0.011,0,93.0,1,Normal,0
EMP00119,Finance,0.01,0,112.5,1,Normal,0
EMP00170,Finance,0.01,0,104.4,1,Normal,0
EMP00212,Operations,0.01,0,104.4,1,Normal,0
EMP00306,Operations,0.01,0,117.7,1,Normal,0
EMP00409,Operations,0.01,0,93.0,1,Normal,0
EMP00582,Operations,0.01,0,77.0,0,Normal,0
EMP00930,Finance,0.01,0,108.2,1,Normal,0
EMP01016,Finance,0.01,0,104.4,1,Normal,0
EMP01071,Operations,0.01,0,77.0,0,Normal,0
EMP01095,Operations,0.01,0,103.5,1,Normal,0
EMP01137,Operations,0.01,0,104.4,1,Normal,0
EMP01142,Operations,0.01,0,104.4,1,Normal,0
EMP01390,Finance,0.01,0,93.0,1,Normal,0
EMP01495,Operations,0.01,0,119.4,1,Anomaly,0
EMP01563,Sales,0.01,0,93.0,1,Normal,0
EMP01593,Finance,0.01,0,87.8,1,Normal,0
EMP01609,Sales,0.01,0,77.0,1,Normal,0
EMP01774,Operations,0.01,0,117.7,1,Normal,0
EMP01793,Technology,0.01,0,117.7,1,Normal,0
EMP01804,Marketing,0.01,0,77.0,0,Normal,0
EMP01820,Operations,0.01,0,112.0,1,Normal,0
EMP01870,Technology,0.01,0,117.7,1,Normal,0
EMP00036,Technology,0.009,0,112.5,1,Normal,0
EMP00090,Finance,0.009,0,108.2,1,Normal,0
EMP00123,Technology,0.009,0,119.4,1,Normal,0
EMP00174,Finance,0.009,0,94.4,1,Normal,0
EMP00177,Technology,0.009,0,87.8,1,Normal,0
EMP00215,Operations,0.009,0,79.1,0,Normal,0
EMP00219,Operations,0.009,0,103.5,1,Normal,0
EMP00370,Operations,0.009,0,77.0,0,Normal,0
EMP00452,Operations,0.009,0,112.5,1,Normal,0
EMP00583,Sales,0.009,0,112.5,1,Anomaly,0
EMP00607,Operations,0.009,0,117.7,1,Normal,0
EMP00624,Sales,0.009,0,77.0,0,Normal,0
EMP00749,Operations,0.009,0,103.5,1,Normal,0
EMP00788,Sales,0.009,0,87.8,1,Normal,0
EMP00877,Finance,0.009,0,100.2,1,Normal,0
EMP00932,Operations,0.009,0,112.5,1,Anomaly,0
EMP00993,Operations,0.009,0,110.9,1,Normal,0
EMP01001,Operations,0.009,0,115.8,1,Normal,0
EMP01008,Operations,0.009,0,93.0,1,Normal,0
EMP01025,Operations,0.009,0,117.7,1,Normal,0
EMP01074,Technology,0.009,0,104.4,1,Normal,0
EMP01194,Operations,0.009,0,97.4,1,Normal,0
EMP01227,Technology,0.009,0,87.8,1,Normal,0
EMP01324,HR,0.009,0,79.1,0,Normal,0
EMP01488,Sales,0.009,0,77.0,0,Normal,0
EMP01492,Finance,0.009,0,117.7,1,Normal,0
EMP01513,Operations,0.009,0,66.3,0,Normal,0
EMP01531,Sales,0.009,0,104.4,1,Normal,0
EMP01554,Technology,0.009,0,117.7,1,Normal,0
EMP01684,Sales,0.009,0,117.7,1,Normal,0
EMP01814,Operations,0.009,0,93.0,1,Normal,0
EMP01855,Technology,0.009,0,86.6,1,Normal,0
EMP01865,Operations,0.009,0,93.0,1,Normal,0
EMP01897,Operations,0.009,0,104.4,1,Normal,0
EMP01999,Operations,0.009,0,108.2,1,Normal,0
EMP00024,Technology,0.008,0,103.5,1,Normal,0
EMP00029,Operations,0.008,0,115.8,1,Normal,0
EMP00077,Marketing,0.008,0,119.9,1,Normal,0
EMP00102,Technology,0.008,0,94.4,1,Normal,0
EMP00190,Finance,0.008,0,112.5,1,Normal,0
EMP00199,Operations,0.008,0,117.7,1,Normal,0
EMP00206,Operations,0.008,0,111.7,1,Normal,0
EMP00253,Technology,0.008,0,103.5,1,Normal,0
EMP00281,Marketing,0.008,0,118.6,1,Normal,0
EMP00300,Operations,0.008,0,112.5,1,Normal,0
EMP00347,Operations,0.008,0,83.5,0,Normal,0
EMP00351,Operations,0.008,0,119.4,1,Normal,0
EMP00456,Technology,0.008,0,93.0,1,Normal,0
EMP00653,Finance,0.008,0,118.6,1,Normal,0
EMP00677,Technology,0.008,0,86.4,1,Normal,0
EMP00685,HR,0.008,0,112.5,1,Normal,0
EMP00713,HR,0.008,0,119.4,1,Normal,0
EMP00721,HR,0.008,0,112.0,1,Normal,0
EMP00739,Technology,0.008,0,93.0,1,Normal,0
EMP00754,Operations,0.008,0,104.4,1,Normal,0
EMP00801,HR,0.008,0,86.6,0,Normal,0
EMP00808,HR,0.008,0,117.7,1,Normal,0
EMP00874,HR,0.008,0,104.4,1,Normal,0
EMP00941,Marketing,0.008,0,112.5,1,Normal,0
EMP00944,Operations,0.008,0,87.8,1,Normal,0
EMP00983,Operations,0.008,0,112.0,1,Normal,0
EMP01021,Sales,0.008,0,77.0,0,Normal,0
EMP01040,HR,0.008,0,112.5,1,Normal,0
EMP01045,Marketing,0.008,0,104.4,1,Normal,0
EMP01068,Operations,0.008,0,104.4,1,Normal,0
EMP01086,Technology,0.008,0,100.2,1,Normal,0
EMP01234,Operations,0.008,0,117.7,1,Normal,0
EMP01375,Finance,0.008,0,100.2,1,Normal,0
EMP01446,Sales,0.008,0,86.4,1,Normal,0
EMP01493,Technology,0.008,0,104.4,1,Normal,0
EMP01559,Sales,0.008,0,103.5,1,Normal,0
EMP01597,Operations,0.008,0,107.4,1,Normal,0
EMP01617,Finance,0.008,0,108.2,1,Normal,0
EMP01626,Technology,0.008,0,115.8,1,Normal,0
EMP01676,Finance,0.008,0,92.4,1,Normal,0
EMP01786,Operations,0.008,0,87.8,1,Normal,0
EMP01812,Technology,0.008,0,115.8,1,Normal,0
EMP01834,Sales,0.008,0,93.0,1,Normal,0
EMP01916,Finance,0.008,0,117.7,1,Normal,0
EMP00015,Operations,0.007,0,117.7,1,Normal,0
EMP00099,Operations,0.007,0,112.0,1,Normal,0
EMP00191,Technology,0.007,0,87.8,1,Normal,0
EMP00211,Finance,0.007,0,77.0,0,Normal,0
EMP00277,Operations,0.007,0,97.4,1,Normal,0
EMP00342,Finance,0.007,0,77.0,0,Normal,0
EMP00353,Finance,0.007,0,112.5,1,Normal,0
EMP00382,Finance,0.007,0,112.0,1,Normal,0
EMP00445,Sales,0.007,0,115.8,1,Normal,0
EMP00472,Operations,0.007,0,71.1,0,Anomaly,0
EMP00563,Operations,0.007,0,94.4,1,Anomaly,0
EMP00580,Finance,0.007,0,100.2,1,Anomaly,0
EMP00601,Technology,0.007,0,86.6,1,Normal,0
EMP00615,Sales,0.007,0,92.4,1,Normal,0
EMP00620,Operations,0.007,0,103.5,1,Normal,0
EMP00674,Technology,0.007,0,103.5,1,Normal,0
EMP00680,HR,0.007,0,86.6,1,Normal,0
EMP00696,Operations,0.007,0,104.4,1,Normal,0
EMP00734,Technology,0.007,0,104.4,1,Anomaly,0
EMP00766,Technology,0.007,0,107.4,1,Normal,0
EMP00789,Finance,0.007,0,112.0,1,Normal,0
EMP00807,Operations,0.007,0,119.4,1,Normal,0
EMP00832,Technology,0.007,0,100.2,1,Normal,0
EMP00852,Operations,0.007,0,77.0,0,Normal,0
EMP00885,Sales,0.007,0,102.4,1,Normal,0
EMP00899,Technology,0.007,0,112.0,1,Normal,0
EMP00919,Finance,0.007,0,87.8,1,Normal,0
EMP00969,Sales,0.007,0,104.4,1,Normal,0
EMP01060,Finance,0.007,0,104.4,1,Normal,0
EMP01102,Sales,0.007,0,93.0,1,Normal,0
EMP01198,Operations,0.007,0,104.4,1,Normal,0
EMP01205,Technology,0.007,0,83.5,0,Normal,0
EMP01240,Sales,0.007,0,119.9,1,Anomaly,0
EMP01249,Operations,0.007,0,83.5,0,Normal,0
EMP01319,Operations,0.007,0,93.0,1,Normal,0
EMP01351,Operations,0.007,0,112.0,1,Normal,0
EMP01361,Technology,0.007,0,103.5,1,Normal,0
EMP01409,Technology,0.007,0,103.5,1,Normal,0
EMP01418,Finance,0.007,0,86.6,1,Normal,0
EMP01515,Operations,0.007,0,119.9,1,Normal,0
EMP01535,Sales,0.007,0,100.2,1,Normal,0
EMP01619,HR,0.007,0,104.4,1,Normal,0
EMP01669,Finance,0.007,0,119.9,1,Anomaly,0
EMP01749,Technology,0.007,0,112.5,1,Normal,0
EMP01761,Operations,0.007,0,103.5,1,Normal,0
EMP01778,Operations,0.007,0,112.5,1,Normal,0
EMP01802,Operations,0.007,0,104.4,1,Normal,0
EMP01912,Operations,0.007,0,119.9,1,Normal,0
EMP01927,Operations,0.007,0,93.0,1,Normal,0
EMP01928,Sales,0.007,0,111.7,1,Normal,0
EMP00002,Technology,0.006,0,86.6,1,Normal,0
EMP00041,Technology,0.006,0,77.0,0,Normal,0
EMP00045,Operations,0.006,0,107.4,1,Normal,0
EMP00059,Sales,0.006,0,119.9,1,Normal,0
EMP00134,Operations,0.006,0,77.0,0,Normal,0
EMP00139,Operations,0.006,0,92.4,1,Normal,0
EMP00147,Technology,0.006,0,112.5,1,Normal,0
EMP00172,Technology,0.006,0,112.5,1,Anomaly,0
EMP00205,Marketing,0.006,0,112.0,1,Normal,0
EMP00217,Sales,0.006,0,111.7,1,Normal,0
EMP00234,Sales,0.006,0,107.4,1,Normal,0
EMP00237,Sales,0.006,0,93.0,1,Normal,0
EMP00251,HR,0.006,0,92.4,1,Normal,0
EMP00256,Technology,0.006,0,111.7,1,Normal,0
EMP00321,Technology,0.006,0,104.4,1,Normal,0
EMP00343,HR,0.006,0,119.9,1,Normal,0
EMP00345,Operations,0.006,0,103.5,1,Anomaly,0
EMP00450,Sales,0.006,0,112.5,1,Normal,0
EMP00457,Technology,0.006,0,87.8,0,Normal,0
EMP00576,Operations,0.006,0,94.4,1,Normal,0
EMP00632,HR,0.006,0,83.5,1,Normal,0
EMP00688,Sales,0.006,0,97.4,1,Normal,0
EMP00768,Sales,0.006,0,119.9,1,Normal,0
EMP00781,Operations,0.006,0,107.4,1,Normal,0
EMP00827,Sales,0.006,0,117.7,1,Normal,0
EMP00847,Operations,0.006,0,103.5,1,Normal,0
EMP00869,Finance,0.006,0,112.0,1,Normal,0
EMP00897,Operations,0.006,0,108.2,1,Normal,0
EMP00913,Technology,0.006,0,77.0,0,Normal,0
EMP00936,Operations,0.006,0,94.4,1,Normal,0
EMP00943,Marketing,0.006,0,79.1,0,Normal,0
EMP00968,Technology,0.006,0,86.6,1,Normal,0
EMP00974,Marketing,0.006,0,119.9,1,Normal,0
EMP01057,Operations,0.006,0,119.4,1,Normal,0
EMP01062,Marketing,0.006,0,108.2,1,Normal,0
EMP01073,Operations,0.006,0,119.4,1,Normal,0
EMP01079,Finance,0.006,0,107.4,1,Normal,0
EMP01106,Operations,0.006,0,92.4,1,Normal,0
EMP01139,Operations,0.006,0,100.2,1,Anomaly,0
EMP01149,HR,0.006,0,83.5,1,Normal,0
EMP01161,HR,0.006,0,104.4,1,Normal,0
EMP01170,Operations,0.006,0,115.8,1,Normal,0
EMP01184,Finance,0.006,0,112.0,1,Normal,0
EMP01312,Sales,0.006,0,112.5,1,Normal,0
EMP01317,Technology,0.006,0,93.0,1,Normal,0
EMP01320,Finance,0.006,0,92.4,1,Normal,0
EMP01403,Technology,0.006,0,93.0,1,Normal,0
EMP01407,Marketing,0.006,0,115.8,1,Normal,0
EMP01414,Operations,0.006,0,112.5,1,Normal,0
EMP01437,Finance,0.006,0,119.9,1,Normal,0
EMP01438,Operations,0.006,0,103.5,1,Normal,0
EMP01463,Operations,0.006,0,117.7,1,Normal,0
EMP01470,Operations,0.006,0,83.5,1,Normal,0
EMP01474,Operations,0.006,0,117.7,1,Anomaly,0
EMP01479,Technology,0.006,0,103.5,1,Normal,0
EMP01546,Sales,0.006,0,94.4,1,Normal,0
EMP01547,Sales,0.006,0,104.4,1,Normal,0
EMP01552,Marketing,0.006,0,119.9,1,Normal,0
EMP01558,Technology,0.006,0,119.4,1,Normal,0
EMP01613,Technology,0.006,0,104.4,1,Normal,0
EMP01688,Finance,0.006,0,119.9,1,Normal,0
EMP01694,Finance,0.006,0,103.5,1,Normal,0
EMP01702,Operations,0.006,0,103.5,1,Normal,0
EMP01709,Operations,0.006,0,112.5,1,Normal,0
EMP01719,Finance,0.006,0,118.6,1,Normal,0
EMP01779,Marketing,0.006,0,93.0,1,Normal,0
EMP01794,Finance,0.006,0,86.6,1,Anomaly,0
EMP01805,Operations,0.006,0,100.2,1,Normal,0
EMP01835,Sales,0.006,0,104.4,1,Normal,0
EMP01845,Technology,0.006,0,94.4,1,Normal,0
EMP01854,Technology,0.006,0,107.4,1,Normal,0
EMP01873,Marketing,0.006,0,86.6,1,Normal,0
EMP01889,Sales,0.006,0,93.0,1,Normal,0
EMP01909,Finance,0.006,0,103.5,1,Normal,0
EMP01934,Sales,0.006,0,112.0,1,Normal,0
EMP01942,Sales,0.006,0,86.6,1,Normal,0
EMP01954,Technology,0.006,0,112.5,1,Normal,0
EMP01978,Operations,0.006,0,103.5,1,Normal,0
EMP00007,Marketing,0.005,0,111.7,1,Normal,0
EMP00013,Operations,0.005,0,111.7,1,Normal,0
EMP00062,HR,0.005,0,93.0,1,Normal,0
EMP00072,Finance,0.005,0,100.2,1,Anomaly,0
EMP00074,Marketing,0.005,0,87.8,1,Normal,0
EMP00085,Technology,0.005,0,87.8,1,Normal,0
EMP00158,Marketing,0.005,0,103.5,1,Normal,0
EMP00185,Technology,0.005,0,107.4,1,Normal,0
EMP00267,Technology,0.005,0,93.0,1,Normal,0
EMP00356,Sales,0.005,0,119.4,1,Normal,0
EMP00358,Operations,0.005,0,119.4,1,Normal,0
EMP00397,Finance,0.005,0,86.6,1,Normal,0
EMP00441,Operations,0.005,0,86.6,1,Normal,0
EMP00446,Operations,0.005,0,111.7,1,Normal,0
EMP00454,Technology,0.005,0,112.0,1,Normal,0
EMP00460,Sales,0.005,0,115.8,1,Normal,0
EMP00469,Finance,0.005,0,119.9,1,Normal,0
EMP00479,Sales,0.005,0,100.2,1,Normal,0
EMP00480,Operations,0.005,0,92.4,1,Normal,0
EMP00491,Finance,0.005,0,112.0,1,Normal,0
EMP00509,Operations,0.005,0,104.4,1,Normal,0
EMP00518,Sales,0.005,0,115.8,1,Normal,0
EMP00616,Marketing,0.005,0,112.5,1,Normal,0
EMP00675,Technology,0.005,0,112.5,1,Normal,0
EMP00684,Finance,0.005,0,100.2,1,Normal,0
EMP00750,Sales,0.005,0,103.5,1,Normal,0
EMP00770,Finance,0.005,0,119.9,1,Normal,0
EMP00819,Sales,0.005,0,115.8,1,Anomaly,0
EMP00826,Operations,0.005,0,94.4,1,Normal,0
EMP00830,Technology,0.005,0,118.6,1,Normal,0
EMP00856,Technology,0.005,0,112.5,1,Normal,0
EMP00858,Sales,0.005,0,119.4,1,Normal,0
EMP00859,Marketing,0.005,0,112.5,1,Normal,0
EMP00904,Technology,0.005,0,77.0,0,Normal,0
EMP00927,Technology,0.005,0,111.7,1,Normal,0
EMP00931,Marketing,0.005,0,94.4,1,Normal,0
EMP00935,Sales,0.005,0,112.0,1,Normal,0
EMP00970,Sales,0.005,0,77.0,0,Normal,0
EMP00977,Operations,0.005,0,108.2,1,Normal,0
EMP01032,Sales,0.005,0,86.4,1,Normal,0
EMP01054,Technology,0.005,0,86.6,0,Normal,0
EMP01077,Operations,0.005,0,119.4,1,Normal,0
EMP01113,Sales,0.005,0,117.7,1,Normal,0
EMP01126,Finance,0.005,0,119.9,1,Normal,0
EMP01138,Operations,0.005,0,104.4,1,Normal,0
EMP01156,Operations,0.005,0,100.2,1,Normal,0
EMP01167,Sales,0.005,0,94.4,1,Normal,0
EMP01171,Sales,0.005,0,104.4,1,Normal,0
EMP01175,Operations,0.005,0,86.6,1,Normal,0
EMP01182,Operations,0.005,0,86.6,0,Normal,0
EMP01187,Finance,0.005,0,118.6,1,Normal,0
EMP01204,Marketing,0.005,0,79.1,0,Normal,0
EMP01211,Technology,0.005,0,92.4,1,Normal,0
EMP01212,Operations,0.005,0,112.5,1,Normal,0
EMP01222,Operations,0.005,0,100.2,1,Normal,0
EMP01238,Finance,0.005,0,104.4,1,Normal,0
EMP01286,Finance,0.005,0,104.4,1,Normal,0
EMP01305,Marketing,0.005,0,119.9,1,Normal,0
EMP01341,Marketing,0.005,0,119.4,1,Normal,0
EMP01422,Finance,0.005,0,92.4,1,Normal,0
EMP01423,Sales,0.005,0,100.2,1,Normal,0
EMP01528,Operations,0.005,0,112.0,1,Normal,0
EMP01551,Marketing,0.005,0,77.0,0,Normal,0
EMP01561,Marketing,0.005,0,119.4,1,Normal,0
EMP01568,Operations,0.005,0,100.2,1,Normal,0
EMP01573,Technology,0.005,0,97.4,1,Normal,0
EMP01576,Sales,0.005,0,86.6,1,Normal,0
EMP01602,Technology,0.005,0,92.4,1,Normal,0
EMP01628,Technology,0.005,0,77.0,0,Normal,0
EMP01633,Sales,0.005,0,103.5,1,Normal,0
EMP01738,Sales,0.005,0,77.0,0,Normal,0
EMP01762,Sales,0.005,0,87.8,1,Normal,0
EMP01768,Sales,0.005,0,93.0,1,Normal,0
EMP01816,Technology,0.005,0,112.5,1,Normal,0
EMP01821,Finance,0.005,0,92.4,1,Normal,0
EMP01840,Marketing,0.005,0,103.5,1,Normal,0
EMP01895,Technology,0.005,0,104.4,1,Normal,0
EMP01896,Marketing,0.005,0,103.5,1,Normal,0
EMP01906,Technology,0.005,0,103.5,1,Normal,0
EMP01918,Operations,0.005,0,97.4,1,Normal,0
EMP01920,Operations,0.005,0,108.2,1,Normal,0
EMP01930,Operations,0.005,0,118.6,1,Normal,0
EMP01939,Sales,0.005,0,111.7,1,Normal,0
EMP01971,HR,0.005,0,86.6,1,Normal,0
EMP01991,Operations,0.005,0,107.4,1,Normal,0
EMP00014,Sales,0.004,0,118.6,1,Normal,0
EMP00040,Marketing,0.004,0,92.4,1,Normal,0
EMP00075,Sales,0.004,0,103.5,1,Normal,0
EMP00079,Technology,0.004,0,119.4,1,Normal,0
EMP00095,Operations,0.004,0,94.4,1,Normal,0
EMP00101,Technology,0.004,0,119.9,1,Normal,0
EMP00113,Operations,0.004,0,119.4,1,Anomaly,0
EMP00116,Sales,0.004,0,87.8,1,Normal,0
EMP00124,HR,0.004,0,93.0,1,Normal,0
EMP00149,Sales,0.004,0,103.5,1,Normal,0
EMP00154,Technology,0.004,0,94.4,1,Normal,0
EMP00194,Operations,0.004,0,94.4,1,Normal,0
EMP00216,Finance,0.004,0,92.4,1,Normal,0
EMP00223,HR,0.004,0,104.4,1,Normal,0
EMP00232,Operations,0.004,0,112.0,1,Normal,0
EMP00252,Finance,0.004,0,92.4,1,Anomaly,0
EMP00257,Sales,0.004,0,112.5,1,Normal,0
EMP00284,Finance,0.004,0,87.8,1,Normal,0
EMP00288,Operations,0.004,0,119.9,1,Normal,0
EMP00308,Marketing,0.004,0,94.4,1,Anomaly,0
EMP00332,Technology,0.004,0,103.5,1,Normal,0
EMP00339,Operations,0.004,0,100.2,1,Normal,0
EMP00363,Technology,0.004,0,94.4,1,Normal,0
EMP00390,Sales,0.004,0,119.4,1,Normal,0
EMP00405,Technology,0.004,0,92.4,1,Normal,0
EMP00416,Technology,0.004,0,103.5,1,Normal,0
EMP00426,Sales,0.004,0,104.4,1,Normal,0
EMP00436,Sales,0.004,0,94.4,1,Normal,0
EMP00455,Finance,0.004,0,86.6,1,Normal,0
EMP00464,Operations,0.004,0,118.6,1,Normal,0
EMP00470,Sales,0.004,0,92.4,1,Normal,0
EMP00519,Sales,0.004,0,117.7,1,Normal,0
EMP00531,Finance,0.004,0,108.2,1,Normal,0
EMP00561,Marketing,0.004,0,79.1,0,Normal,0
EMP00569,Finance,0.004,0,94.4,1,Normal,0
EMP00573,Finance,0.004,0,119.9,1,Normal,0
EMP00592,Finance,0.004,0,103.5,1,Normal,0
EMP00595,Operations,0.004,0,104.4,1,Normal,0
EMP00622,Technology,0.004,0,112.0,1,Normal,0
EMP00641,Sales,0.004,0,97.4,1,Normal,0
EMP00655,Technology,0.004,0,119.4,1,Normal,0
EMP00701,Marketing,0.004,0,92.4,1,Normal,0
EMP00708,Operations,0.004,0,94.4,1,Normal,0
EMP00720,Sales,0.004,0,103.5,1,Normal,0
EMP00723,Technology,0.004,0,104.4,1,Normal,0
EMP00735,Operations,0.004,0,119.4,1,Normal,0
EMP00751,Sales,0.004,0,119.4,1,Normal,0
EMP00760,Operations,0.004,0,87.8,1,Normal,0
EMP00773,Finance,0.004,0,119.9,1,Normal,0
EMP00812,Sales,0.004,0,118.6,1,Normal,0
EMP00813,Sales,0.004,0,112.5,1,Normal,0
EMP00821,Operations,0.004,0,97.4,1,Normal,0
EMP00838,Technology,0.004,0,93.0,1,Normal,0
EMP00863,Operations,0.004,0,119.9,1,Normal,0
EMP00866,Finance,0.004,0,119.9,1,Normal,0
EMP00884,Technology,0.004,0,100.2,1,Normal,0
EMP00889,Technology,0.004,0,103.5,1,Normal,0
EMP00912,Sales,0.004,0,112.5,1,Normal,0
EMP00937,Technology,0.004,0,94.4,1,Normal,0
EMP00945,Operations,0.004,0,92.4,1,Normal,0
EMP00951,Technology,0.004,0,111.7,1,Normal,0
EMP00966,Marketing,0.004,0,119.4,1,Normal,0
EMP00994,Technology,0.004,0,111.7,1,Normal,0
EMP01028,Sales,0.004,0,112.5,1,Normal,0
EMP01051,Operations,0.004,0,104.4,1,Normal,0
EMP01059,HR,0.004,0,108.2,1,Normal,0
EMP01080,HR,0.004,0,119.9,1,Normal,0
EMP01099,Sales,0.004,0,104.4,1,Normal,0
EMP01108,Sales,0.004,0,83.5,1,Normal,0
EMP01125,Sales,0.004,0,87.8,1,Normal,0
EMP01129,Operations,0.004,0,119.9,1,Normal,0
EMP01144,Marketing,0.004,0,112.5,1,Normal,0
EMP01148,Technology,0.004,0,97.4,1,Normal,0
EMP01155,Technology,0.004,0,119.9,1,Normal,0
EMP01158,Operations,0.004,0,115.8,1,Normal,0
EMP01172,Marketing,0.004,0,86.4,1,Normal,0
EMP01180,Operations,0.004,0,119.4,1,Normal,0
EMP01183,Technology,0.004,0,87.8,1,Normal,0
EMP01190,Sales,0.004,0,92.4,1,Normal,0
EMP01192,Technology,0.004,0,104.4,1,Normal,0
EMP01193,Sales,0.004,0,112.5,1,Normal,0
EMP01197,Operations,0.004,0,119.9,1,Normal,0
EMP01210,Sales,0.004,0,97.4,1,Normal,0
EMP01259,Technology,0.004,0,100.2,1,Normal,0
EMP01264,Sales,0.004,0,117.7,1,Normal,0
EMP01266,Marketing,0.004,0,86.4,1,Normal,0
EMP01295,HR,0.004,0,112.5,1,Anomaly,0
EMP01360,Operations,0.004,0,93.0,1,Normal,0
EMP01369,Marketing,0.004,0,112.5,1,Normal,0
EMP01371,HR,0.004,0,111.7,1,Normal,0
EMP01384,Sales,0.004,0,112.5,1,Normal,0
EMP01385,Finance,0.004,0,115.8,1,Normal,0
EMP01387,Technology,0.004,0,119.9,1,Normal,0
EMP01392,Marketing,0.004,0,79.1,0,Normal,0
EMP01393,Sales,0.004,0,97.4,1,Anomaly,0
EMP01402,Marketing,0.004,0,104.4,1,Normal,0
EMP01471,Technology,0.004,0,92.4,1,Normal,0
EMP01501,Finance,0.004,0,94.4,1,Normal,0
EMP01510,Finance,0.004,0,100.2,1,Normal,0
EMP01512,Operations,0.004,0,118.6,1,Normal,0
EMP01527,Operations,0.004,0,100.2,1,Normal,0
EMP01562,Operations,0.004,0,119.4,1,Normal,0
EMP01564,Operations,0.004,0,112.0,1,Normal,0
EMP01592,Technology,0.004,0,108.2,1,Normal,0
EMP01631,Finance,0.004,0,115.8,1,Normal,0
EMP01639,Operations,0.004,0,86.6,1,Normal,0
EMP01644,Technology,0.004,0,94.4,1,Normal,0
EMP01647,HR,0.004,0,92.4,1,Normal,0
EMP01675,Operations,0.004,0,108.2,1,Normal,0
EMP01682,Sales,0.004,0,112.5,1,Normal,0
EMP01683,Operations,0.004,0,104.4,1,Normal,0
EMP01692,Sales,0.004,0,112.5,1,Normal,0
EMP01700,Operations,0.004,0,112.0,1,Normal,0
EMP01703,Finance,0.004,0,103.5,1,Normal,0
EMP01708,Sales,0.004,0,115.8,1,Normal,0
EMP01712,Operations,0.004,0,103.5,1,Normal,0
EMP01751,Sales,0.004,0,112.5,1,Normal,0
EMP01755,Marketing,0.004,0,93.0,1,Normal,0
EMP01756,Finance,0.004,0,92.4,1,Normal,0
EMP01757,Finance,0.004,0,103.5,1,Normal,0
EMP01788,Technology,0.004,0,119.9,1,Normal,0
EMP01800,Operations,0.004,0,119.9,1,Normal,0
EMP01811,Finance,0.004,0,119.9,1,Normal,0
EMP01819,HR,0.004,0,119.9,1,Normal,0
EMP01849,HR,0.004,0,111.7,1,Normal,0
EMP01877,Sales,0.004,0,108.2,1,Normal,0
EMP01878,Sales,0.004,0,112.0,1,Normal,0
EMP01900,HR,0.004,0,87.8,1,Normal,0
EMP01932,Marketing,0.004,0,117.7,1,Normal,0
EMP01948,Marketing,0.004,0,119.9,1,Normal,0
EMP01964,Operations,0.004,0,112.0,1,Normal,0
EMP01966,Technology,0.004,0,77.0,0,Normal,0
EMP01976,Sales,0.004,0,119.9,1,Normal,0
EMP01977,Finance,0.004,0,118.6,1,Normal,0
EMP01985,Technology,0.004,0,119.9,1,Normal,0
EMP01997,Operations,0.004,0,118.6,1,Normal,0
EMP00025,Marketing,0.003,0,97.4,1,Normal,0
EMP00034,Sales,0.003,0,119.9,1,Normal,0
EMP00038,Sales,0.003,0,107.4,1,Normal,0
EMP00039,Operations,0.003,0,119.9,1,Normal,0
EMP00051,Technology,0.003,0,86.6,1,Normal,0
EMP00053,Technology,0.003,0,119.4,1,Normal,0
EMP00054,Technology,0.003,0,103.5,1,Normal,0
EMP00066,Operations,0.003,0,87.8,1,Normal,0
EMP00076,Operations,0.003,0,119.9,1,Normal,0
EMP00092,Marketing,0.003,0,83.5,0,Normal,0
EMP00097,Technology,0.003,0,111.7,1,Normal,0
EMP00100,Operations,0.003,0,83.5,1,Anomaly,0
EMP00103,Operations,0.003,0,112.0,1,Normal,0
EMP00111,Operations,0.003,0,100.2,1,Normal,0
EMP00112,Sales,0.003,0,112.5,1,Normal,0
EMP00164,Sales,0.003,0,103.5,1,Normal,0
EMP00183,Marketing,0.003,0,111.7,1,Normal,0
EMP00184,Technology,0.003,0,94.4,1,Normal,0
EMP00192,Finance,0.003,0,107.4,1,Anomaly,0
EMP00196,Technology,0.003,0,112.0,1,Normal,0
EMP00214,Technology,0.003,0,119.9,1,Normal,0
EMP00220,Marketing,0.003,0,118.6,1,Normal,0
EMP00222,Sales,0.003,0,92.4,1,Normal,0
EMP00247,Technology,0.003,0,118.6,1,Normal,0
EMP00248,Sales,0.003,0,111.7,1,Normal,0
EMP00289,Technology,0.003,0,111.7,1,Normal,0
EMP00291,Operations,0.003,0,111.7,1,Normal,0
EMP00297,Operations,0.003,0,103.5,1,Normal,0
EMP00311,Operations,0.003,0,119.4,1,Normal,0
EMP00317,Sales,0.003,0,119.9,1,Normal,0
EMP00325,Technology,0.003,0,94.4,1,Normal,0
EMP00328,Sales,0.003,0,103.5,1,Normal,0
EMP00334,Technology,0.003,0,100.2,1,Normal,0
EMP00344,Technology,0.003,0,100.2,1,Normal,0
EMP00362,Sales,0.003,0,112.0,1,Normal,0
EMP00367,Technology,0.003,0,119.9,1,Normal,0
EMP00371,HR,0.003,0,107.4,1,Normal,0
EMP00377,Finance,0.003,0,112.0,1,Normal,0
EMP00393,Operations,0.003,0,107.4,1,Normal,0
EMP00395,Technology,0.003,0,100.2,1,Normal,0
EMP00396,Technology,0.003,0,103.5,1,Normal,0
EMP00410,Sales,0.003,0,94.4,1,Normal,0
EMP00422,Marketing,0.003,0,117.7,1,Normal,0
EMP00430,Sales,0.003,0,87.8,1,Normal,0
EMP00431,Operations,0.003,0,119.4,1,Normal,0
EMP00437,Finance,0.003,0,119.9,1,Normal,0
EMP00439,Sales,0.003,0,100.2,1,Normal,0
EMP00461,Operations,0.003,0,93.0,1,Normal,0
EMP00477,Technology,0.003,0,83.5,0,Normal,0
EMP00478,Finance,0.003,0,119.9,1,Normal,0
EMP00486,Finance,0.003,0,115.8,1,Normal,0
EMP00512,Technology,0.003,0,111.7,1,Normal,0
EMP00513,Operations,0.003,0,103.5,1,Normal,0
EMP00514,Finance,0.003,0,111.7,1,Normal,0
EMP00524,Operations,0.003,0,119.9,1,Normal,0
EMP00544,Technology,0.003,0,92.4,1,Normal,0
EMP00547,Technology,0.003,0,100.2,1,Normal,0
EMP00548,Marketing,0.003,0,119.9,1,Normal,0
EMP00550,Operations,0.003,0,112.0,1,Normal,0
EMP00556,Operations,0.003,0,100.2,1,Normal,0
EMP00577,Technology,0.003,0,119.9,1,Normal,0
EMP00581,Technology,0.003,0,119.9,1,Normal,0
EMP00589,Sales,0.003,0,119.9,1,Normal,0
EMP00613,Sales,0.003,0,77.0,0,Normal,0
EMP00618,Operations,0.003,0,119.9,1,Normal,0
EMP00626,Sales,0.003,0,119.9,1,Normal,0
EMP00627,Technology,0.003,0,107.4,1,Normal,0
EMP00628,Technology,0.003,0,107.4,1,Normal,0
EMP00656,Operations,0.003,0,100.2,1,Normal,0
EMP00661,Technology,0.003,0,103.5,1,Normal,0
EMP00692,Sales,0.003,0,92.4,1,Normal,0
EMP00709,Technology,0.003,0,92.4,1,Normal,0
EMP00726,Marketing,0.003,0,83.5,0,Normal,0
EMP00816,Sales,0.003,0,93.0,1,Normal,0
EMP00831,Marketing,0.003,0,103.5,1,Normal,0
EMP00836,Technology,0.003,0,112.5,1,Normal,0
EMP00848,Sales,0.003,0,107.4,1,Normal,0
EMP00851,Operations,0.003,0,94.4,1,Normal,0
EMP00873,Sales,0.003,0,112.0,1,Normal,0
EMP00888,Finance,0.003,0,103.5,1,Normal,0
EMP00917,Technology,0.003,0,119.9,1,Normal,0
EMP00922,Operations,0.003,0,111.7,1,Normal,0
EMP00926,Sales,0.003,0,92.4,1,Normal,0
EMP00928,Technology,0.003,0,92.4,1,Normal,0
EMP00953,Operations,0.003,0,119.9,1,Normal,0
EMP00955,Finance,0.003,0,119.9,1,Anomaly,0
EMP00962,Finance,0.003,0,115.8,1,Normal,0
EMP00976,Technology,0.003,0,111.7,1,Normal,0
EMP00989,Sales,0.003,0,119.9,1,Normal,0
EMP00991,Technology,0.003,0,77.0,0,Anomaly,0
EMP00995,Finance,0.003,0,119.9,1,Normal,0
EMP01012,Finance,0.003,0,115.8,1,Normal,0
EMP01015,Technology,0.003,0,119.9,1,Normal,0
EMP01019,Sales,0.003,0,92.4,1,Normal,0
EMP01048,Technology,0.003,0,118.6,1,Normal,0
EMP01049,Operations,0.003,0,87.8,1,Normal,0
EMP01053,Sales,0.003,0,111.7,1,Normal,0
EMP01087,Technology,0.003,0,111.7,1,Normal,0
EMP01098,Technology,0.003,0,119.4,1,Normal,0
EMP01101,Operations,0.003,0,107.4,1,Normal,0
EMP01112,Sales,0.003,0,87.8,1,Normal,0
EMP01116,Technology,0.003,0,103.5,1,Normal,0
EMP01131,Operations,0.003,0,115.8,1,Normal,0
EMP01143,Sales,0.003,0,115.8,1,Normal,0
EMP01162,Sales,0.003,0,119.4,1,Normal,0
EMP01174,Operations,0.003,0,119.4,1,Normal,0
EMP01178,Technology,0.003,0,100.2,1,Normal,0
EMP01217,Operations,0.003,0,118.6,1,Normal,0
EMP01242,Marketing,0.003,0,92.4,1,Normal,0
EMP01252,Operations,0.003,0,77.0,0,Normal,0
EMP01253,HR,0.003,0,103.5,1,Normal,0
EMP01255,Sales,0.003,0,112.0,1,Normal,0
EMP01257,Operations,0.003,0,87.8,1,Normal,0
EMP01258,Technology,0.003,0,86.6,0,Normal,0
EMP01285,Technology,0.003,0,119.9,1,Normal,0
EMP01294,Sales,0.003,0,119.4,1,Normal,0
EMP01313,Technology,0.003,0,119.4,1,Normal,0
EMP01335,Sales,0.003,0,117.7,1,Normal,0
EMP01365,HR,0.003,0,87.8,1,Normal,0
EMP01366,Operations,0.003,0,94.4,1,Normal,0
EMP01373,Marketing,0.003,0,93.0,1,Anomaly,0
EMP01382,Operations,0.003,0,111.7,1,Normal,0
EMP01396,HR,0.003,0,100.2,1,Normal,0
EMP01397,Technology,0.003,0,83.5,0,Normal,0
EMP01398,Technology,0.003,0,93.0,1,Normal,0
EMP01404,Operations,0.003,0,119.4,1,Normal,0
EMP01421,Sales,0.003,0,87.8,1,Normal,0
EMP01430,Sales,0.003,0,92.4,1,Normal,0
EMP01440,Operations,0.003,0,83.5,1,Normal,0
EMP01448,Technology,0.003,0,83.5,0,Normal,0
EMP01450,Marketing,0.003,0,103.5,1,Normal,0
EMP01453,Operations,0.003,0,83.5,1,Normal,0
EMP01458,Sales,0.003,0,94.4,1,Normal,0
EMP01461,Operations,0.003,0,108.2,1,Normal,0
EMP01462,Technology,0.003,0,117.7,1,Normal,0
EMP01464,Sales,0.003,0,117.7,1,Normal,0
EMP01484,Marketing,0.003,0,92.4,1,Normal,0
EMP01499,Operations,0.003,0,118.6,1,Normal,0
EMP01522,Operations,0.003,0,107.4,1,Normal,0
EMP01529,Sales,0.003,0,108.2,1,Normal,0
EMP01530,Sales,0.003,0,112.5,1,Normal,0
EMP01537,Sales,0.003,0,107.4,1,Normal,0
EMP01543,Operations,0.003,0,119.4,1,Normal,0
EMP01567,Sales,0.003,0,104.4,1,Normal,0
EMP01587,Marketing,0.003,0,119.9,1,Normal,0
EMP01589,Finance,0.003,0,100.2,1,Normal,0
EMP01600,Technology,0.003,0,104.4,1,Normal,0
EMP01605,Operations,0.003,0,112.0,1,Normal,0
EMP01607,Sales,0.003,0,87.8,1,Normal,0
EMP01608,Technology,0.003,0,119.9,1,Normal,0
EMP01620,Operations,0.003,0,104.4,1,Normal,0
EMP01622,HR,0.003,0,94.4,1,Normal,0
EMP01623,Operations,0.003,0,119.9,1,Normal,0
EMP01625,Operations,0.003,0,118.6,1,Normal,0
EMP01627,Sales,0.003,0,119.9,1,Normal,0
EMP01642,Technology,0.003,0,83.5,1,Normal,0
EMP01646,Sales,0.003,0,104.4,1,Normal,0
EMP01649,Sales,0.003,0,103.5,1,Anomaly,0
EMP01658,Sales,0.003,0,115.8,1,Normal,0
EMP01660,Technology,0.003,0,111.7,1,Normal,0
EMP01681,Sales,0.003,0,119.9,1,Normal,0
EMP01687,Marketing,0.003,0,100.2,1,Normal,0
EMP01689,Technology,0.003,0,111.7,1,Normal,0
EMP01699,Sales,0.003,0,112.0,1,Anomaly,0
EMP01726,Operations,0.003,0,119.4,1,Normal,0
EMP01730,Technology,0.003,0,108.2,1,Normal,0
EMP01737,Operations,0.003,0,92.4,1,Normal,0
EMP01754,Technology,0.003,0,94.4,1,Normal,0
EMP01763,Sales,0.003,0,112.5,1,Normal,0
EMP01769,Operations,0.003,0,119.9,1,Normal,0
EMP01781,Marketing,0.003,0,104.4,1,Normal,0
EMP01792,Operations,0.003,0,92.4,1,Normal,0
EMP01799,Finance,0.003,0,107.4,1,Normal,0
EMP01827,Technology,0.003,0,97.4,1,Normal,0
EMP01843,Technology,0.003,0,107.4,1,Normal,0
EMP01858,Technology,0.003,0,119.9,1,Normal,0
EMP01867,Technology,0.003,0,103.5,1,Normal,0
EMP01886,Technology,0.003,0,77.0,0,Normal,0
EMP01903,Marketing,0.003,0,112.0,1,Normal,0
EMP01907,Operations,0.003,0,119.9,1,Normal,0
EMP01908,Technology,0.003,0,94.4,1,Normal,0
EMP01910,Sales,0.003,0,103.5,1,Normal,0
EMP01924,Technology,0.003,0,103.5,1,Normal,0
EMP01931,Marketing,0.003,0,100.2,1,Normal,0
EMP01933,Marketing,0.003,0,68.8,0,Normal,0
EMP01945,Technology,0.003,0,112.0,1,Normal,0
EMP01947,HR,0.003,0,107.4,1,Normal,0
EMP01962,Marketing,0.003,0,119.4,1,Normal,0
EMP01969,Marketing,0.003,0,79.1,0,Normal,0
EMP01982,Finance,0.003,0,107.4,1,Anomaly,0
EMP01983,Sales,0.003,0,119.9,1,Normal,0
EMP00001,Technology,0.002,0,115.8,1,Normal,0
EMP00021,Technology,0.002,0,112.5,1,Anomaly,0
EMP00046,Technology,0.002,0,119.9,1,Normal,0
EMP00049,Marketing,0.002,0,115.8,1,Normal,0
EMP00068,Technology,0.002,0,119.9,1,Normal,0
EMP00071,Marketing,0.002,0,119.9,1,Normal,0
EMP00118,Technology,0.002,0,104.4,1,Normal,0
EMP00137,Technology,0.002,0,100.2,1,Normal,0
EMP00142,Operations,0.002,0,111.7,1,Normal,0
EMP00160,Technology,0.002,0,83.5,1,Normal,0
EMP00165,Marketing,0.002,0,119.9,1,Normal,0
EMP00179,Marketing,0.002,0,119.9,1,Normal,0
EMP00198,Sales,0.002,0,119.9,1,Normal,0
EMP00228,Technology,0.002,0,119.9,1,Normal,0
EMP00230,Operations,0.002,0,118.6,1,Normal,0
EMP00243,Technology,0.002,0,119.9,1,Normal,0
EMP00245,Technology,0.002,0,86.6,1,Normal,0
EMP00249,Sales,0.002,0,92.4,1,Normal,0
EMP00258,Marketing,0.002,0,87.8,1,Normal,0
EMP00292,Technology,0.002,0,119.9,1,Normal,0
EMP00305,Sales,0.002,0,119.9,1,Normal,0
EMP00310,Operations,0.002,0,112.0,1,Normal,0
EMP00315,Technology,0.002,0,92.4,1,Normal,0
EMP00327,Operations,0.002,0,115.8,1,Normal,0
EMP00331,Technology,0.002,0,93.0,1,Normal,0
EMP00335,Marketing,0.002,0,92.4,1,Normal,0
EMP00346,Sales,0.002,0,111.7,1,Normal,0
EMP00350,Sales,0.002,0,103.5,1,Normal,0
EMP00357,Operations,0.002,0,118.6,1,Normal,0
EMP00360,Technology,0.002,0,119.9,1,Normal,0
EMP00366,Operations,0.002,0,119.9,1,Normal,0
EMP00368,Sales,0.002,0,119.9,1,Normal,0
EMP00378,Technology,0.002,0,77.0,1,Normal,0
EMP00379,Technology,0.002,0,119.9,1,Normal,0
EMP00389,Sales,0.002,0,87.8,1,Normal,0
EMP00401,Marketing,0.002,0,119.9,1,Normal,0
EMP00408,Sales,0.002,0,83.5,1,Anomaly,0
EMP00415,Technology,0.002,0,119.9,1,Normal,0
EMP00418,Sales,0.002,0,111.7,1,Normal,0
EMP00429,Marketing,0.002,0,119.4,1,Normal,0
EMP00458,Operations,0.002,0,100.2,1,Normal,0
EMP00459,Technology,0.002,0,119.9,1,Normal,0
EMP00462,Sales,0.002,0,111.7,1,Normal,0
EMP00471,Technology,0.002,0,103.5,1,Normal,0
EMP00495,Finance,0.002,0,100.2,1,Normal,0
EMP00499,Technology,0.002,0,111.7,1,Normal,0
EMP00516,Technology,0.002,0,107.4,1,Normal,0
EMP00517,Technology,0.002,0,119.9,1,Normal,0
EMP00522,Technology,0.002,0,83.5,1,Normal,0
EMP00530,Technology,0.002,0,83.5,1,Normal,0
EMP00535,Operations,0.002,0,119.9,1,Normal,0
EMP00536,Operations,0.002,0,87.8,1,Normal,0
EMP00538,Marketing,0.002,0,115.8,1,Normal,0
EMP00541,Marketing,0.002,0,119.4,1,Normal,0
EMP00567,Operations,0.002,0,104.4,1,Normal,0
EMP00579,Technology,0.002,0,107.4,1,Normal,0
EMP00585,Sales,0.002,0,118.6,1,Normal,0
EMP00605,Technology,0.002,0,119.9,1,Normal,0
EMP00606,Marketing,0.002,0,112.5,1,Normal,0
EMP00623,Sales,0.002,0,119.9,1,Normal,0
EMP00630,Technology,0.002,0,115.8,1,Normal,0
EMP00678,Marketing,0.002,0,103.5,1,Normal,0
EMP00690,Operations,0.002,0,119.9,1,Normal,0
EMP00698,Technology,0.002,0,119.9,1,Normal,0
EMP00714,HR,0.002,0,118.6,1,Normal,0
EMP00725,Operations,0.002,0,119.9,1,Normal,0
EMP00727,Technology,0.002,0,118.6,1,Normal,0
EMP00728,Operations,0.002,0,119.4,1,Normal,0
EMP00730,Operations,0.002,0,108.2,1,Normal,0
EMP00732,Marketing,0.002,0,112.5,1,Normal,0
EMP00736,Technology,0.002,0,97.4,1,Normal,0
EMP00745,Sales,0.002,0,119.9,1,Normal,0
EMP00753,Sales,0.002,0,119.9,1,Normal,0
EMP00758,Technology,0.002,0,92.4,1,Normal,0
EMP00759,Technology,0.002,0,107.4,1,Normal,0
EMP00767,Operations,0.002,0,86.6,1,Normal,0
EMP00794,Technology,0.002,0,119.4,1,Normal,0
EMP00809,Technology,0.002,0,115.8,1,Normal,0
EMP00811,Sales,0.002,0,119.9,1,Normal,0
EMP00815,Marketing,0.002,0,112.0,1,Normal,0
EMP00822,Sales,0.002,0,100.2,1,Normal,0
EMP00823,Sales,0.002,0,119.9,1,Normal,0
EMP00833,Technology,0.002,0,111.7,1,Normal,0
EMP00862,Operations,0.002,0,94.4,1,Normal,0
EMP00868,Sales,0.002,0,119.9,1,Normal,0
EMP00872,Technology,0.002,0,100.2,1,Normal,0
EMP00875,Marketing,0.002,0,86.6,1,Normal,0
EMP00890,Operations,0.002,0,115.8,1,Normal,0
EMP00894,Technology,0.002,0,100.2,1,Normal,0
EMP00896,Marketing,0.002,0,104.4,1,Normal,0
EMP00910,Marketing,0.002,0,119.9,1,Normal,0
EMP00923,Operations,0.002,0,92.4,1,Normal,0
EMP00925,Technology,0.002,0,100.2,1,Normal,0
EMP00939,Operations,0.002,0,107.4,1,Normal,0
EMP00971,Operations,0.002,0,107.4,1,Normal,0
EMP00988,Technology,0.002,0,103.5,1,Normal,0
EMP00990,Operations,0.002,0,92.4,1,Anomaly,0
EMP01004,Technology,0.002,0,118.6,1,Normal,0
EMP01013,Sales,0.002,0,111.7,1,Normal,0
EMP01024,Technology,0.002,0,115.8,1,Normal,0
EMP01033,Sales,0.002,0,119.9,1,Normal,0
EMP01035,Technology,0.002,0,94.4,1,Normal,0
EMP01056,Marketing,0.002,0,100.2,1,Normal,0
EMP01066,Marketing,0.002,0,111.7,1,Normal,0
EMP01081,Technology,0.002,0,107.4,1,Normal,0
EMP01094,Marketing,0.002,0,118.6,1,Normal,0
EMP01107,HR,0.002,0,118.6,1,Normal,0
EMP01111,Marketing,0.002,0,108.2,1,Normal,0
EMP01163,Marketing,0.002,0,103.5,1,Normal,0
EMP01168,Technology,0.002,0,119.4,1,Normal,0
EMP01181,Technology,0.002,0,119.9,1,Normal,0
EMP01207,Sales,0.002,0,119.9,1,Normal,0
EMP01216,Sales,0.002,0,111.7,1,Normal,0
EMP01235,Technology,0.002,0,119.9,1,Normal,0
EMP01248,Sales,0.002,0,119.9,1,Normal,0
EMP01256,Sales,0.002,0,111.7,1,Normal,0
EMP01263,Sales,0.002,0,119.9,1,Normal,0
EMP01271,Technology,0.002,0,94.4,1,Normal,0
EMP01274,Technology,0.002,0,119.9,1,Normal,0
EMP01279,Technology,0.002,0,119.9,1,Normal,0
EMP01284,Technology,0.002,0,112.0,1,Normal,0
EMP01287,Technology,0.002,0,100.2,1,Normal,0
EMP01300,Technology,0.002,0,119.4,1,Normal,0
EMP01316,Operations,0.002,0,119.9,1,Normal,0
EMP01323,Operations,0.002,0,119.9,1,Normal,0
EMP01328,Operations,0.002,0,103.5,1,Normal,0
EMP01340,Operations,0.002,0,108.2,1,Normal,0
EMP01344,Technology,0.002,0,117.7,1,Normal,0
EMP01345,Sales,0.002,0,107.4,1,Normal,0
EMP01362,Sales,0.002,0,92.4,1,Normal,0
EMP01378,Finance,0.002,0,94.4,1,Normal,0
EMP01380,Marketing,0.002,0,119.4,1,Normal,0
EMP01395,Marketing,0.002,0,94.4,1,Normal,0
EMP01415,Technology,0.002,0,119.9,1,Normal,0
EMP01416,Finance,0.002,0,118.6,1,Anomaly,0
EMP01419,Technology,0.002,0,119.9,1,Anomaly,0
EMP01428,Operations,0.002,0,86.6,1,Normal,0
EMP01442,Sales,0.002,0,118.6,1,Normal,0
EMP01473,Sales,0.002,0,103.5,1,Normal,0
EMP01506,Operations,0.002,0,119.9,1,Normal,0
EMP01514,Technology,0.002,0,112.0,1,Normal,0
EMP01516,Operations,0.002,0,94.4,1,Normal,0
EMP01549,Operations,0.002,0,119.9,1,Normal,0
EMP01560,Finance,0.002,0,119.9,1,Normal,0
EMP01569,Technology,0.002,0,107.4,1,Normal,0
EMP01578,Sales,0.002,0,111.7,1,Normal,0
EMP01590,Sales,0.002,0,119.4,1,Normal,0
EMP01610,Marketing,0.002,0,104.4,1,Normal,0
EMP01611,Technology,0.002,0,107.4,1,Normal,0
EMP01612,Technology,0.002,0,107.4,1,Normal,0
EMP01615,Sales,0.002,0,103.5,1,Normal,0
EMP01640,Sales,0.002,0,115.8,1,Normal,0
EMP01643,Technology,0.002,0,111.7,1,Normal,0
EMP01657,Sales,0.002,0,119.9,1,Normal,0
EMP01671,Marketing,0.002,0,119.9,1,Normal,0
EMP01691,Operations,0.002,0,92.4,1,Normal,0
EMP01693,Technology,0.002,0,86.6,0,Normal,0
EMP01695,Operations,0.002,0,119.9,1,Normal,0
EMP01704,Technology,0.002,0,100.2,1,Normal,0
EMP01713,Operations,0.002,0,92.4,1,Normal,0
EMP01720,Technology,0.002,0,119.9,1,Normal,0
EMP01733,Sales,0.002,0,86.6,1,Normal,0
EMP01734,Sales,0.002,0,118.6,1,Normal,0
EMP01736,Operations,0.002,0,115.8,1,Normal,0
EMP01759,Marketing,0.002,0,83.5,0,Normal,0
EMP01789,Technology,0.002,0,94.4,1,Normal,0
EMP01798,Sales,0.002,0,100.2,1,Normal,0
EMP01836,Sales,0.002,0,119.9,1,Normal,0
EMP01839,Sales,0.002,0,103.5,1,Normal,0
EMP01863,Operations,0.002,0,119.9,1,Normal,0
EMP01869,Technology,0.002,0,100.2,1,Normal,0
EMP01874,Technology,0.002,0,107.4,1,Normal,0
EMP01879,Technology,0.002,0,119.9,1,Normal,0
EMP01893,Technology,0.002,0,103.5,1,Normal,0
EMP01901,Sales,0.002,0,118.6,1,Normal,0
EMP01937,Operations,0.002,0,119.9,1,Anomaly,0
EMP01944,Technology,0.002,0,94.4,1,Normal,0
EMP01949,Operations,0.002,0,100.2,1,Normal,0
EMP01952,Technology,0.002,0,83.5,1,Normal,0
EMP01967,Operations,0.002,0,119.9,1,Normal,0
EMP01981,Technology,0.002,0,119.9,1,Normal,0
EMP00026,Operations,0.001,0,119.9,1,Normal,0
EMP00050,Marketing,0.001,0,119.9,1,Normal,0
EMP00067,Technology,0.001,0,92.4,1,Normal,0
EMP00126,Sales,0.001,0,115.8,1,Normal,0
EMP00131,Sales,0.001,0,100.2,1,Normal,0
EMP00132,Sales,0.001,0,94.4,1,Normal,0
EMP00162,Marketing,0.001,0,107.4,1,Normal,0
EMP00279,Technology,0.001,0,119.9,1,Normal,0
EMP00283,Technology,0.001,0,119.4,1,Normal,0
EMP00301,Technology,0.001,0,118.6,1,Normal,0
EMP00303,Sales,0.001,0,100.2,1,Normal,0
EMP00313,Technology,0.001,0,118.6,1,Normal,0
EMP00322,Technology,0.001,0,119.9,1,Normal,0
EMP00398,Technology,0.001,0,118.6,1,Normal,0
EMP00467,Operations,0.001,0,115.8,1,Normal,0
EMP00473,Operations,0.001,0,118.6,1,Normal,0
EMP00496,Technology,0.001,0,115.8,1,Normal,0
EMP00534,Finance,0.001,0,119.9,1,Anomaly,0
EMP00584,Technology,0.001,0,119.9,1,Normal,0
EMP00591,Marketing,0.001,0,111.7,1,Normal,0
EMP00647,Technology,0.001,0,115.8,1,Normal,0
EMP00666,Sales,0.001,0,119.9,1,Normal,0
EMP00682,Operations,0.001,0,119.9,1,Normal,0
EMP00705,Marketing,0.001,0,87.8,1,Normal,0
EMP00757,Marketing,0.001,0,115.8,1,Normal,0
EMP00764,HR,0.001,0,119.9,1,Normal,0
EMP00771,Technology,0.001,0,108.2,1,Normal,0
EMP00778,Marketing,0.001,0,87.8,1,Normal,0
EMP00786,Sales,0.001,0,119.9,1,Normal,0
EMP00795,Marketing,0.001,0,119.9,1,Normal,0
EMP00796,Marketing,0.001,0,107.4,1,Normal,0
EMP00824,Marketing,0.001,0,118.6,1,Normal,0
EMP00825,Marketing,0.001,0,119.9,1,Normal,0
EMP00835,Technology,0.001,0,119.9,1,Normal,0
EMP00854,Operations,0.001,0,115.8,1,Normal,0
EMP00857,Technology,0.001,0,119.9,1,Normal,0
EMP00895,Technology,0.001,0,103.5,1,Anomaly,0
EMP00952,Marketing,0.001,0,118.6,1,Normal,0
EMP00960,Technology,0.001,0,119.9,1,Normal,0
EMP00964,Technology,0.001,0,86.6,1,Normal,0
EMP00981,Finance,0.001,0,119.9,1,Normal,0
EMP00985,Marketing,0.001,0,119.9,1,Anomaly,0
EMP01038,Marketing,0.001,0,112.0,1,Normal,0
EMP01047,Technology,0.001,0,100.2,1,Normal,0
EMP01064,Technology,0.001,0,119.9,1,Normal,0
EMP01083,Finance,0.001,0,100.2,1,Normal,0
EMP01089,Sales,0.001,0,119.9,1,Normal,0
EMP01120,Technology,0.001,0,119.9,1,Normal,0
EMP01160,Sales,0.001,0,119.9,1,Normal,0
EMP01226,Marketing,0.001,0,92.4,1,Normal,0
EMP01268,Marketing,0.001,0,100.2,1,Normal,0
EMP01273,Sales,0.001,0,119.9,1,Normal,0
EMP01331,Technology,0.001,0,119.9,1,Normal,0
EMP01338,Operations,0.001,0,115.8,1,Normal,0
EMP01370,Technology,0.001,0,119.9,1,Normal,0
EMP01405,Technology,0.001,0,119.9,1,Normal,0
EMP01445,Operations,0.001,0,118.6,1,Normal,0
EMP01466,Operations,0.001,0,118.6,1,Normal,0
EMP01475,Marketing,0.001,0,86.6,1,Normal,0
EMP01486,Marketing,0.001,0,94.4,1,Normal,0
EMP01505,Technology,0.001,0,119.9,1,Normal,0
EMP01519,Technology,0.001,0,111.7,1,Normal,0
EMP01526,HR,0.001,0,115.8,1,Normal,0
EMP01572,Marketing,0.001,0,119.9,1,Normal,0
EMP01581,Technology,0.001,0,111.7,1,Normal,0
EMP01598,Sales,0.001,0,119.9,1,Normal,0
EMP01678,Marketing,0.001,0,103.5,1,Normal,0
EMP01714,Sales,0.001,0,119.9,1,Normal,0
EMP01831,Operations,0.001,0,119.9,1,Normal,0
EMP01887,Sales,0.001,0,119.9,1,Normal,0
EMP01935,Operations,0.001,0,119.9,1,Normal,0
EMP01987,Technology,0.001,0,119.9,1,Anomaly,0
EMP01990,Operations,0.001,0,119.9,1,Normal,0
EMP00537,Marketing,0.0,0,119.9,1,Normal,0
