Employee_ID,Date,Leave_Type,Shift
EMP00001,2026-02-20,Unpaid,Morning
EMP00002,2026-03-17,Sick,Morning
EMP00005,2026-02-06,Sick,Morning
EMP00005,2026-02-10,Casual,Morning
EMP00008,2026-02-11,Casual,Morning
EMP00008,2026-03-05,Sick,Morning
EMP00009,2026-01-09,Sick,Morning
EMP00009,2026-01-28,Casual,Morning
EMP00011,2026-01-23,Sick,Morning
EMP00013,2026-03-10,Sick,Morning
EMP00015,2026-02-27,Sick,Morning
EMP00015,2026-01-20,Casual,Morning
EMP00015,2026-01-13,Sick,Morning
EMP00017,2026-01-02,Unpaid,Morning
EMP00019,2026-02-05,Unpaid,Morning
EMP00019,2026-01-16,Sick,Morning
EMP00020,2026-03-12,Casual,Morning
EMP00020,2026-03-06,Sick,Morning
EMP00020,2026-03-18,Unpaid,Morning
EMP00022,2026-02-24,Casual,Morning
EMP00027,2026-03-02,Sick,Morning
EMP00028,2026-01-16,Casual,Morning
EMP00028,2026-01-06,Sick,Morning
EMP00028,2026-03-17,Sick,Morning
EMP00029,2026-01-02,Sick,Morning
EMP00034,2026-03-10,Casual,Morning
EMP00034,2026-03-18,Casual,Morning
EMP00036,2026-03-27,Casual,Morning
EMP00038,2026-01-02,Sick,Morning
EMP00043,2026-01-05,Sick,Morning
EMP00045,2026-02-18,Unpaid,Morning
EMP00045,2026-02-10,Unpaid,Morning
EMP00047,2026-03-09,Sick,Morning
EMP00050,2026-02-26,Sick,Morning
EMP00053,2026-03-06,Unpaid,Morning
EMP00053,2026-02-06,Sick,Morning
EMP00055,2026-01-19,Casual,Morning
EMP00055,2026-03-25,Unpaid,Morning
EMP00056,2026-01-02,Casual,Morning
EMP00056,2026-02-12,Sick,Morning
EMP00060,2026-02-04,Sick,Morning
EMP00060,2026-01-29,Casual,Morning
EMP00062,2026-03-19,Unpaid,Morning
EMP00062,2026-01-13,Sick,Morning
EMP00064,2026-03-19,Sick,Morning
EMP00065,2026-03-20,Casual,Morning
EMP00065,2026-03-16,Unpaid,Morning
EMP00065,2026-02-02,Sick,Morning
EMP00067,2026-02-11,Sick,Morning
EMP00067,2026-01-26,Sick,Morning
EMP00068,2026-03-18,Casual,Morning
EMP00068,2026-01-29,Unpaid,Morning
EMP00070,2026-01-23,Casual,Morning
EMP00070,2026-01-01,Sick,Morning
EMP00077,2026-02-06,Unpaid,Morning
EMP00077,2026-01-14,Unpaid,Morning
EMP00077,2026-01-22,Unpaid,Morning
EMP00081,2026-02-09,Sick,Morning
EMP00081,2026-02-25,Sick,Morning
EMP00091,2026-01-23,Sick,Morning
EMP00092,2026-02-19,Sick,Morning
EMP00092,2026-03-05,Unpaid,Morning
EMP00093,2026-03-06,Sick,Morning
EMP00093,2026-02-25,Casual,Morning
EMP00093,2026-01-23,Casual,Morning
EMP00097,2026-01-29,Casual,Morning
EMP00097,2026-02-05,Sick,Morning
EMP00107,2026-03-19,Casual,Morning
EMP00108,2026-01-29,Casual,Morning
EMP00108,2026-03-24,Sick,Morning
EMP00109,2026-03-12,Unpaid,Morning
EMP00109,2026-03-03,Unpaid,Morning
EMP00110,2026-01-12,Unpaid,Morning
EMP00115,2026-03-23,Casual,Morning
EMP00119,2026-03-25,Casual,Morning
EMP00120,2026-01-29,Unpaid,Morning
EMP00123,2026-02-11,Unpaid,Morning
EMP00123,2026-02-06,Unpaid,Morning
EMP00123,2026-02-09,Sick,Morning
EMP00125,2026-02-02,Unpaid,Morning
EMP00126,2026-01-19,Casual,Morning
EMP00127,2026-03-04,Sick,Morning
EMP00128,2026-02-13,Unpaid,Morning
EMP00131,2026-02-19,Unpaid,Morning
EMP00131,2026-01-05,Unpaid,Morning
EMP00133,2026-01-29,Sick,Morning
EMP00133,2026-02-23,Sick,Morning
EMP00134,2026-03-09,Sick,Morning
EMP00134,2026-01-30,Sick,Morning
EMP00137,2026-03-04,Sick,Morning
EMP00137,2026-01-30,Casual,Morning
EMP00138,2026-01-26,Casual,Morning
EMP00138,2026-03-06,Sick,Morning
EMP00138,2026-02-03,Casual,Morning
EMP00144,2026-03-17,Sick,Morning
EMP00144,2026-03-05,Unpaid,Morning
EMP00145,2026-02-18,Casual,Morning
EMP00149,2026-01-19,Casual,Morning
EMP00152,2026-03-05,Unpaid,Morning
EMP00153,2026-01-14,Unpaid,Morning
EMP00153,2026-03-13,Unpaid,Morning
EMP00157,2026-01-01,Unpaid,Morning
EMP00167,2026-03-20,Casual,Morning
EMP00167,2026-02-10,Unpaid,Morning
EMP00172,2026-02-12,Unpaid,Morning
EMP00174,2026-01-16,Sick,Morning
EMP00176,2026-01-20,Unpaid,Morning
EMP00178,2026-03-18,Casual,Morning
EMP00178,2026-01-19,Casual,Morning
EMP00183,2026-02-17,Sick,Morning
EMP00184,2026-03-10,Unpaid,Morning
EMP00184,2026-02-10,Unpaid,Morning
EMP00190,2026-01-13,Casual,Morning
EMP00190,2026-01-08,Sick,Morning
EMP00193,2026-03-30,Sick,Morning
EMP00195,2026-02-25,Unpaid,Morning
EMP00195,2026-03-16,Unpaid,Morning
EMP00199,2026-02-26,Unpaid,Morning
EMP00199,2026-03-24,Sick,Morning
EMP00199,2026-01-02,Unpaid,Morning
EMP00201,2026-03-05,Casual,Morning
EMP00204,2026-03-20,Casual,Morning
EMP00205,2026-02-26,Unpaid,Morning
EMP00207,2026-03-25,Sick,Morning
EMP00207,2026-02-11,Unpaid,Morning
EMP00208,2026-02-09,Sick,Morning
EMP00209,2026-03-13,Unpaid,Morning
EMP00212,2026-02-10,Sick,Morning
EMP00212,2026-02-13,Unpaid,Morning
EMP00212,2026-03-03,Unpaid,Morning
EMP00213,2026-01-26,Casual,Morning
EMP00213,2026-03-12,Unpaid,Morning
EMP00215,2026-01-30,Casual,Morning
EMP00215,2026-03-31,Casual,Morning
EMP00217,2026-03-13,Casual,Morning
EMP00217,2026-01-22,Casual,Morning
EMP00221,2026-02-03,Sick,Morning
EMP00222,2026-01-07,Unpaid,Morning
EMP00222,2026-03-06,Casual,Morning
EMP00225,2026-03-31,Unpaid,Morning
EMP00225,2026-01-15,Unpaid,Morning
EMP00226,2026-01-02,Casual,Morning
EMP00227,2026-02-13,Casual,Morning
EMP00227,2026-02-17,Unpaid,Morning
EMP00228,2026-03-04,Unpaid,Morning
EMP00228,2026-01-20,Unpaid,Morning
EMP00229,2026-02-23,Unpaid,Morning
EMP00229,2026-02-04,Unpaid,Morning
EMP00231,2026-02-24,Sick,Morning
EMP00231,2026-03-06,Sick,Morning
EMP00232,2026-03-26,Sick,Morning
EMP00235,2026-02-20,Sick,Morning
EMP00235,2026-02-05,Casual,Morning
EMP00235,2026-03-18,Casual,Morning
EMP00236,2026-03-04,Unpaid,Morning
EMP00239,2026-01-23,Unpaid,Morning
EMP00239,2026-03-11,Unpaid,Morning
EMP00239,2026-02-10,Casual,Morning
EMP00243,2026-01-12,Sick,Morning
EMP00243,2026-03-04,Sick,Morning
EMP00244,2026-01-05,Sick,Morning
EMP00244,2026-03-16,Casual,Morning
EMP00244,2026-02-10,Unpaid,Morning
EMP00247,2026-02-16,Unpaid,Morning
EMP00250,2026-01-14,Unpaid,Morning
EMP00253,2026-03-11,Sick,Morning
EMP00256,2026-02-05,Unpaid,Morning
EMP00261,2026-02-13,Unpaid,Morning
EMP00262,2026-03-24,Unpaid,Morning
EMP00262,2026-02-04,Unpaid,Morning
EMP00262,2026-03-11,Unpaid,Morning
EMP00263,2026-03-13,Sick,Morning
EMP00266,2026-03-12,Sick,Morning
EMP00266,2026-03-16,Unpaid,Morning
EMP00269,2026-02-17,Casual,Morning
EMP00271,2026-02-12,Sick,Morning
EMP00271,2026-01-08,Casual,Morning
EMP00271,2026-02-17,Casual,Morning
EMP00273,2026-02-13,Unpaid,Morning
EMP00274,2026-03-26,Sick,Morning
EMP00274,2026-01-19,Sick,Morning
EMP00276,2026-02-13,Unpaid,Morning
EMP00276,2026-01-27,Unpaid,Morning
EMP00277,2026-02-26,Sick,Morning
EMP00278,2026-01-21,Casual,Morning
EMP00278,2026-01-29,Unpaid,Morning
EMP00282,2026-02-04,Unpaid,Morning
EMP00282,2026-01-30,Sick,Morning
EMP00289,2026-02-26,Casual,Morning
EMP00290,2026-02-16,Unpaid,Morning
EMP00295,2026-03-19,Sick,Morning
EMP00297,2026-03-05,Sick,Morning
EMP00297,2026-02-03,Sick,Morning
EMP00300,2026-03-25,Sick,Morning
EMP00300,2026-01-28,Casual,Morning
EMP00303,2026-03-09,Sick,Morning
EMP00303,2026-02-11,Unpaid,Morning
EMP00304,2026-03-18,Unpaid,Morning
EMP00305,2026-01-19,Casual,Morning
EMP00305,2026-02-23,Sick,Morning
EMP00306,2026-01-20,Casual,Morning
EMP00308,2026-03-17,Unpaid,Morning
EMP00308,2026-03-19,Sick,Morning
EMP00308,2026-02-26,Unpaid,Morning
EMP00310,2026-02-11,Sick,Morning
EMP00310,2026-01-12,Unpaid,Morning
EMP00312,2026-01-13,Casual,Morning
EMP00312,2026-03-03,Unpaid,Morning
EMP00314,2026-02-17,Sick,Morning
EMP00315,2026-01-16,Casual,Morning
EMP00315,2026-03-11,Casual,Morning
EMP00316,2026-01-01,Casual,Morning
EMP00316,2026-03-10,Casual,Morning
EMP00321,2026-01-19,Sick,Morning
EMP00323,2026-03-12,Casual,Morning
EMP00326,2026-01-22,Unpaid,Morning
EMP00326,2026-02-26,Sick,Morning
EMP00328,2026-02-17,Unpaid,Morning
EMP00328,2026-03-03,Sick,Morning
EMP00329,2026-01-12,Sick,Morning
EMP00329,2026-01-20,Unpaid,Morning
EMP00333,2026-03-17,Unpaid,Morning
EMP00338,2026-02-27,Unpaid,Morning
EMP00338,2026-03-13,Casual,Morning
EMP00338,2026-01-29,Casual,Morning
EMP00339,2026-01-14,Sick,Morning
EMP00341,2026-01-01,Unpaid,Morning
EMP00343,2026-03-09,Casual,Morning
EMP00343,2026-02-02,Unpaid,Morning
EMP00345,2026-01-13,Unpaid,Morning
EMP00345,2026-03-27,Casual,Morning
EMP00345,2026-03-31,Unpaid,Morning
EMP00350,2026-02-03,Unpaid,Morning
EMP00350,2026-02-11,Casual,Morning
EMP00357,2026-02-04,Casual,Morning
EMP00360,2026-01-05,Casual,Morning
EMP00360,2026-01-12,Casual,Morning
EMP00361,2026-03-18,Unpaid,Morning
EMP00362,2026-03-13,Unpaid,Morning
EMP00365,2026-03-16,Unpaid,Morning
EMP00371,2026-01-28,Casual,Morning
EMP00371,2026-01-05,Unpaid,Morning
EMP00371,2026-02-10,Sick,Morning
EMP00378,2026-01-13,Casual,Morning
EMP00380,2026-01-15,Casual,Morning
EMP00385,2026-02-17,Unpaid,Morning
EMP00388,2026-02-24,Unpaid,Morning
EMP00392,2026-02-24,Casual,Morning
EMP00392,2026-03-06,Sick,Morning
EMP00392,2026-02-11,Sick,Morning
EMP00394,2026-01-01,Unpaid,Morning
EMP00394,2026-02-26,Unpaid,Morning
EMP00394,2026-01-02,Unpaid,Morning
EMP00398,2026-03-06,Unpaid,Morning
EMP00399,2026-01-08,Casual,Morning
EMP00399,2026-01-20,Casual,Morning
EMP00408,2026-02-23,Unpaid,Morning
EMP00408,2026-03-31,Casual,Morning
EMP00413,2026-01-26,Casual,Morning
EMP00413,2026-03-17,Sick,Morning
EMP00414,2026-03-17,Sick,Morning
EMP00416,2026-01-14,Sick,Morning
EMP00417,2026-03-05,Sick,Morning
EMP00417,2026-03-30,Casual,Morning
EMP00417,2026-03-10,Casual,Morning
EMP00418,2026-03-03,Casual,Morning
EMP00421,2026-01-01,Casual,Morning
EMP00423,2026-01-09,Sick,Morning
EMP00423,2026-01-23,Sick,Morning
EMP00426,2026-03-06,Unpaid,Morning
EMP00426,2026-01-15,Casual,Morning
EMP00428,2026-03-09,Sick,Morning
EMP00431,2026-02-16,Sick,Morning
EMP00434,2026-02-23,Unpaid,Morning
EMP00435,2026-03-12,Unpaid,Morning
EMP00439,2026-02-27,Sick,Morning
EMP00439,2026-02-16,Casual,Morning
EMP00443,2026-01-27,Unpaid,Morning
EMP00444,2026-02-23,Casual,Morning
EMP00449,2026-03-16,Casual,Morning
EMP00450,2026-02-19,Casual,Morning
EMP00454,2026-03-24,Unpaid,Morning
EMP00458,2026-02-02,Casual,Morning
EMP00462,2026-02-04,Sick,Morning
EMP00462,2026-01-05,Sick,Morning
EMP00463,2026-01-07,Unpaid,Morning
EMP00463,2026-03-12,Casual,Morning
EMP00465,2026-01-14,Sick,Morning
EMP00465,2026-03-09,Casual,Morning
EMP00468,2026-02-17,Sick,Morning
EMP00468,2026-01-05,Casual,Morning
EMP00472,2026-01-30,Unpaid,Morning
EMP00473,2026-02-20,Casual,Morning
EMP00473,2026-01-08,Sick,Morning
EMP00480,2026-02-17,Casual,Morning
EMP00480,2026-02-26,Unpaid,Morning
EMP00481,2026-02-02,Sick,Morning
EMP00481,2026-02-25,Sick,Morning
EMP00490,2026-01-26,Casual,Morning
EMP00490,2026-03-12,Unpaid,Morning
EMP00490,2026-02-06,Sick,Morning
EMP00491,2026-01-01,Sick,Morning
EMP00491,2026-02-27,Casual,Morning
EMP00493,2026-03-02,Sick,Morning
EMP00493,2026-01-30,Sick,Morning
EMP00493,2026-03-16,Casual,Morning
EMP00494,2026-01-28,Sick,Morning
EMP00494,2026-03-02,Casual,Morning
EMP00495,2026-03-12,Casual,Morning
EMP00495,2026-01-16,Unpaid,Morning
EMP00503,2026-01-19,Sick,Morning
EMP00507,2026-03-20,Unpaid,Morning
EMP00507,2026-03-10,Sick,Morning
EMP00507,2026-02-26,Casual,Morning
EMP00512,2026-01-29,Unpaid,Morning
EMP00515,2026-01-21,Casual,Morning
EMP00515,2026-02-18,Unpaid,Morning
EMP00516,2026-01-27,Unpaid,Morning
EMP00516,2026-01-20,Casual,Morning
EMP00517,2026-01-14,Unpaid,Morning
EMP00519,2026-01-23,Sick,Morning
EMP00519,2026-02-26,Casual,Morning
EMP00521,2026-02-18,Unpaid,Morning
EMP00521,2026-01-20,Casual,Morning
EMP00523,2026-03-25,Unpaid,Morning
EMP00524,2026-01-15,Casual,Morning
EMP00524,2026-03-19,Casual,Morning
EMP00524,2026-01-02,Unpaid,Morning
EMP00526,2026-02-12,Sick,Morning
EMP00526,2026-01-26,Sick,Morning
EMP00527,2026-03-18,Casual,Morning
EMP00528,2026-03-23,Casual,Morning
EMP00531,2026-02-20,Unpaid,Morning
EMP00531,2026-03-13,Unpaid,Morning
EMP00534,2026-02-02,Casual,Morning
EMP00534,2026-02-20,Unpaid,Morning
EMP00535,2026-03-26,Casual,Morning
EMP00536,2026-02-16,Unpaid,Morning
EMP00542,2026-03-05,Casual,Morning
EMP00544,2026-03-09,Casual,Morning
EMP00545,2026-03-10,Unpaid,Morning
EMP00545,2026-03-03,Sick,Morning
EMP00551,2026-02-20,Casual,Morning
EMP00553,2026-01-20,Sick,Morning
EMP00553,2026-01-07,Casual,Morning
EMP00553,2026-03-31,Unpaid,Morning
EMP00555,2026-02-16,Casual,Morning
EMP00556,2026-03-17,Casual,Morning
EMP00558,2026-02-03,Casual,Morning
EMP00562,2026-03-04,Sick,Morning
EMP00562,2026-03-16,Unpaid,Morning
EMP00562,2026-01-06,Sick,Morning
EMP00563,2026-01-13,Casual,Morning
EMP00563,2026-02-20,Sick,Morning
EMP00568,2026-01-22,Casual,Morning
EMP00571,2026-01-26,Sick,Morning
EMP00571,2026-02-16,Casual,Morning
EMP00572,2026-02-06,Sick,Morning
EMP00572,2026-01-15,Unpaid,Morning
EMP00575,2026-03-18,Casual,Morning
EMP00575,2026-02-09,Unpaid,Morning
EMP00575,2026-02-04,Sick,Morning
EMP00580,2026-02-03,Casual,Morning
EMP00582,2026-03-04,Sick,Morning
EMP00583,2026-02-12,Sick,Morning
EMP00583,2026-03-13,Casual,Morning
EMP00583,2026-02-02,Casual,Morning
EMP00590,2026-01-26,Sick,Morning
EMP00590,2026-01-06,Casual,Morning
EMP00590,2026-01-07,Casual,Morning
EMP00593,2026-01-21,Casual,Morning
EMP00596,2026-03-06,Sick,Morning
EMP00596,2026-02-26,Sick,Morning
EMP00596,2026-03-10,Unpaid,Morning
EMP00599,2026-03-03,Casual,Morning
EMP00600,2026-01-29,Unpaid,Morning
EMP00600,2026-03-05,Casual,Morning
EMP00600,2026-03-03,Casual,Morning
EMP00603,2026-02-11,Casual,Morning
EMP00603,2026-01-15,Unpaid,Morning
EMP00604,2026-02-18,Casual,Morning
EMP00604,2026-01-06,Unpaid,Morning
EMP00606,2026-02-27,Sick,Morning
EMP00606,2026-01-27,Sick,Morning
EMP00612,2026-01-05,Unpaid,Morning
EMP00615,2026-01-28,Unpaid,Morning
EMP00615,2026-01-13,Casual,Morning
EMP00615,2026-01-23,Casual,Morning
EMP00616,2026-02-16,Sick,Morning
EMP00616,2026-03-16,Sick,Morning
EMP00616,2026-02-19,Sick,Morning
EMP00619,2026-02-11,Sick,Morning
EMP00619,2026-03-05,Sick,Morning
EMP00619,2026-02-12,Sick,Morning
EMP00621,2026-02-24,Unpaid,Morning
EMP00622,2026-01-05,Sick,Morning
EMP00624,2026-02-11,Sick,Morning
EMP00627,2026-03-11,Unpaid,Morning
EMP00627,2026-02-02,Sick,Morning
EMP00631,2026-02-27,Unpaid,Morning
EMP00633,2026-01-13,Sick,Morning
EMP00633,2026-03-06,Sick,Morning
EMP00634,2026-02-05,Casual,Morning
EMP00638,2026-02-27,Sick,Morning
EMP00638,2026-02-18,Sick,Morning
EMP00640,2026-02-02,Casual,Morning
EMP00647,2026-01-13,Sick,Morning
EMP00650,2026-03-11,Sick,Morning
EMP00651,2026-03-27,Sick,Morning
EMP00652,2026-01-06,Sick,Morning
EMP00652,2026-03-12,Sick,Morning
EMP00654,2026-02-11,Sick,Morning
EMP00659,2026-01-13,Casual,Morning
EMP00666,2026-01-14,Sick,Morning
EMP00669,2026-03-23,Casual,Morning
EMP00669,2026-01-27,Unpaid,Morning
EMP00671,2026-03-11,Sick,Morning
EMP00671,2026-02-26,Sick,Morning
EMP00676,2026-03-09,Sick,Morning
EMP00676,2026-01-08,Unpaid,Morning
EMP00678,2026-01-22,Unpaid,Morning
EMP00678,2026-01-08,Sick,Morning
EMP00678,2026-02-23,Sick,Morning
EMP00679,2026-03-13,Unpaid,Morning
EMP00680,2026-02-04,Unpaid,Morning
EMP00681,2026-02-17,Unpaid,Morning
EMP00681,2026-01-14,Sick,Morning
EMP00687,2026-01-09,Unpaid,Morning
EMP00687,2026-02-10,Sick,Morning
EMP00690,2026-03-05,Sick,Morning
EMP00691,2026-03-25,Casual,Morning
EMP00693,2026-01-08,Casual,Morning
EMP00694,2026-03-06,Unpaid,Morning
EMP00695,2026-03-12,Casual,Morning
EMP00700,2026-02-04,Casual,Morning
EMP00702,2026-03-10,Unpaid,Morning
EMP00704,2026-02-17,Casual,Morning
EMP00704,2026-03-25,Casual,Morning
EMP00704,2026-03-10,Unpaid,Morning
EMP00708,2026-01-02,Casual,Morning
EMP00709,2026-03-16,Unpaid,Morning
EMP00709,2026-02-25,Casual,Morning
EMP00719,2026-02-26,Unpaid,Morning
EMP00720,2026-03-17,Unpaid,Morning
EMP00720,2026-03-12,Sick,Morning
EMP00722,2026-02-03,Sick,Morning
EMP00722,2026-02-19,Unpaid,Morning
EMP00729,2026-02-04,Unpaid,Morning
EMP00729,2026-02-17,Casual,Morning
EMP00730,2026-01-02,Sick,Morning
EMP00734,2026-03-31,Unpaid,Morning
EMP00737,2026-03-24,Sick,Morning
EMP00737,2026-01-22,Unpaid,Morning
EMP00737,2026-01-30,Casual,Morning
EMP00739,2026-01-05,Unpaid,Morning
EMP00739,2026-01-16,Sick,Morning
EMP00741,2026-01-09,Casual,Morning
EMP00745,2026-02-03,Unpaid,Morning
EMP00748,2026-02-18,Sick,Morning
EMP00753,2026-02-02,Casual,Morning
EMP00753,2026-02-20,Sick,Morning
EMP00754,2026-01-12,Casual,Morning
EMP00757,2026-03-27,Unpaid,Morning
EMP00757,2026-03-30,Unpaid,Morning
EMP00761,2026-02-27,Sick,Morning
EMP00762,2026-02-04,Sick,Morning
EMP00762,2026-03-18,Sick,Morning
EMP00763,2026-01-16,Unpaid,Morning
EMP00765,2026-01-20,Casual,Morning
EMP00765,2026-02-11,Casual,Morning
EMP00765,2026-03-16,Sick,Morning
EMP00768,2026-02-27,Sick,Morning
EMP00768,2026-01-23,Sick,Morning
EMP00768,2026-03-17,Unpaid,Morning
EMP00769,2026-02-27,Casual,Morning
EMP00770,2026-03-10,Casual,Morning
EMP00775,2026-03-11,Casual,Morning
EMP00776,2026-01-13,Casual,Morning
EMP00776,2026-01-08,Casual,Morning
EMP00784,2026-02-10,Sick,Morning
EMP00785,2026-03-19,Unpaid,Morning
EMP00785,2026-01-02,Sick,Morning
EMP00786,2026-02-06,Sick,Morning
EMP00786,2026-01-28,Sick,Morning
EMP00786,2026-02-19,Casual,Morning
EMP00788,2026-02-06,Casual,Morning
EMP00788,2026-03-06,Casual,Morning
EMP00793,2026-02-18,Unpaid,Morning
EMP00793,2026-03-27,Sick,Morning
EMP00795,2026-03-03,Sick,Morning
EMP00795,2026-01-08,Sick,Morning
EMP00797,2026-01-23,Sick,Morning
EMP00797,2026-01-29,Casual,Morning
EMP00799,2026-03-23,Sick,Morning
EMP00803,2026-02-18,Unpaid,Morning
EMP00803,2026-02-03,Unpaid,Morning
EMP00804,2026-01-06,Unpaid,Morning
EMP00804,2026-02-27,Sick,Morning
EMP00807,2026-01-28,Unpaid,Morning
EMP00807,2026-02-04,Casual,Morning
EMP00807,2026-03-18,Unpaid,Morning
EMP00810,2026-02-10,Sick,Morning
EMP00811,2026-01-07,Casual,Morning
EMP00813,2026-01-09,Casual,Morning
EMP00819,2026-02-12,Sick,Morning
EMP00819,2026-02-27,Casual,Morning
EMP00819,2026-02-09,Sick,Morning
EMP00820,2026-03-18,Casual,Morning
EMP00824,2026-03-10,Casual,Morning
EMP00824,2026-02-18,Casual,Morning
EMP00827,2026-03-17,Unpaid,Morning
EMP00831,2026-01-06,Unpaid,Morning
EMP00841,2026-03-19,Casual,Morning
EMP00841,2026-02-12,Unpaid,Morning
EMP00841,2026-01-16,Unpaid,Morning
EMP00850,2026-02-10,Unpaid,Morning
EMP00850,2026-01-22,Casual,Morning
EMP00852,2026-02-03,Casual,Morning
EMP00853,2026-03-11,Casual,Morning
EMP00854,2026-03-04,Unpaid,Morning
EMP00863,2026-03-11,Casual,Morning
EMP00865,2026-01-16,Casual,Morning
EMP00870,2026-03-19,Sick,Morning
EMP00870,2026-03-02,Sick,Morning
EMP00870,2026-01-08,Unpaid,Morning
EMP00872,2026-03-25,Casual,Morning
EMP00874,2026-01-05,Casual,Morning
EMP00875,2026-03-05,Sick,Morning
EMP00876,2026-01-19,Unpaid,Morning
EMP00876,2026-01-29,Sick,Morning
EMP00877,2026-02-24,Unpaid,Morning
EMP00877,2026-01-05,Casual,Morning
EMP00882,2026-02-19,Sick,Morning
EMP00882,2026-02-04,Unpaid,Morning
EMP00883,2026-01-22,Unpaid,Morning
EMP00883,2026-02-27,Unpaid,Morning
EMP00884,2026-01-29,Casual,Morning
EMP00885,2026-01-15,Casual,Morning
EMP00885,2026-01-19,Casual,Morning
EMP00890,2026-01-14,Sick,Morning
EMP00890,2026-02-10,Casual,Morning
EMP00891,2026-02-04,Casual,Morning
EMP00893,2026-01-28,Sick,Morning
EMP00893,2026-01-22,Casual,Morning
EMP00898,2026-03-06,Sick,Morning
EMP00898,2026-03-20,Casual,Morning
EMP00900,2026-02-16,Sick,Morning
EMP00900,2026-02-20,Casual,Morning
EMP00901,2026-01-14,Sick,Morning
EMP00904,2026-01-14,Unpaid,Morning
EMP00904,2026-03-09,Sick,Morning
EMP00905,2026-03-23,Unpaid,Morning
EMP00906,2026-03-20,Unpaid,Morning
EMP00906,2026-03-16,Unpaid,Morning
EMP00909,2026-03-26,Casual,Morning
EMP00909,2026-03-09,Unpaid,Morning
EMP00914,2026-03-11,Casual,Morning
EMP00916,2026-03-20,Sick,Morning
EMP00916,2026-03-11,Sick,Morning
EMP00917,2026-03-31,Sick,Morning
EMP00917,2026-03-18,Sick,Morning
EMP00921,2026-01-28,Sick,Morning
EMP00922,2026-02-03,Casual,Morning
EMP00922,2026-02-24,Sick,Morning
EMP00925,2026-02-09,Casual,Morning
EMP00925,2026-02-11,Sick,Morning
EMP00928,2026-03-11,Casual,Morning
EMP00931,2026-01-21,Casual,Morning
EMP00931,2026-02-18,Sick,Morning
EMP00931,2026-01-02,Sick,Morning
EMP00934,2026-02-16,Sick,Morning
EMP00934,2026-01-12,Sick,Morning
EMP00949,2026-02-20,Unpaid,Morning
EMP00949,2026-03-19,Sick,Morning
EMP00949,2026-02-23,Sick,Morning
EMP00953,2026-01-14,Unpaid,Morning
EMP00955,2026-02-04,Sick,Morning
EMP00955,2026-02-06,Unpaid,Morning
EMP00955,2026-01-12,Unpaid,Morning
EMP00960,2026-03-26,Sick,Morning
EMP00960,2026-02-26,Casual,Morning
EMP00961,2026-02-04,Sick,Morning
EMP00961,2026-03-18,Casual,Morning
EMP00964,2026-01-19,Unpaid,Morning
EMP00966,2026-02-11,Casual,Morning
EMP00967,2026-03-25,Sick,Morning
EMP00968,2026-02-05,Casual,Morning
EMP00971,2026-03-10,Casual,Morning
EMP00975,2026-01-30,Casual,Morning
EMP00977,2026-02-05,Casual,Morning
EMP00990,2026-03-18,Sick,Morning
EMP00991,2026-01-20,Sick,Morning
EMP00991,2026-03-12,Unpaid,Morning
EMP00993,2026-03-24,Sick,Morning
EMP00993,2026-01-07,Sick,Morning
EMP00994,2026-01-12,Sick,Morning
EMP00994,2026-01-26,Unpaid,Morning
EMP00995,2026-03-27,Unpaid,Morning
EMP00995,2026-01-09,Sick,Morning
EMP00996,2026-02-16,Unpaid,Morning
EMP00997,2026-02-16,Unpaid,Morning
EMP00997,2026-03-19,Unpaid,Morning
EMP00998,2026-02-24,Unpaid,Morning
EMP01000,2026-01-15,Casual,Morning
EMP01000,2026-03-23,Casual,Morning
EMP01001,2026-01-07,Sick,Morning
EMP01001,2026-01-02,Sick,Morning
EMP01002,2026-01-13,Casual,Morning
EMP01002,2026-01-26,Casual,Morning
EMP01004,2026-03-13,Casual,Morning
EMP01004,2026-02-04,Unpaid,Morning
EMP01005,2026-01-02,Sick,Morning
EMP01007,2026-02-04,Sick,Morning
EMP01007,2026-03-23,Unpaid,Morning
EMP01008,2026-02-06,Casual,Morning
EMP01008,2026-01-09,Unpaid,Morning
EMP01008,2026-02-19,Casual,Morning
EMP01016,2026-01-22,Unpaid,Morning
EMP01017,2026-01-26,Casual,Morning
EMP01020,2026-01-26,Sick,Morning
EMP01021,2026-02-17,Casual,Morning
EMP01021,2026-03-27,Sick,Morning
EMP01021,2026-01-16,Sick,Morning
EMP01022,2026-01-16,Unpaid,Morning
EMP01023,2026-03-05,Casual,Morning
EMP01025,2026-03-23,Sick,Morning
EMP01026,2026-03-12,Casual,Morning
EMP01029,2026-02-10,Casual,Morning
EMP01032,2026-01-26,Unpaid,Morning
EMP01033,2026-01-23,Sick,Morning
EMP01038,2026-03-09,Sick,Morning
EMP01038,2026-01-14,Sick,Morning
EMP01042,2026-03-02,Sick,Morning
EMP01042,2026-01-05,Sick,Morning
EMP01045,2026-01-28,Sick,Morning
EMP01045,2026-01-20,Casual,Morning
EMP01045,2026-01-01,Casual,Morning
EMP01048,2026-01-19,Unpaid,Morning
EMP01048,2026-03-10,Sick,Morning
EMP01051,2026-03-11,Casual,Morning
EMP01051,2026-01-19,Casual,Morning
EMP01052,2026-01-30,Sick,Morning
EMP01058,2026-01-26,Casual,Morning
EMP01058,2026-03-03,Sick,Morning
EMP01058,2026-01-02,Sick,Morning
EMP01059,2026-01-21,Unpaid,Morning
EMP01059,2026-02-20,Sick,Morning
EMP01060,2026-03-13,Unpaid,Morning
EMP01061,2026-03-09,Unpaid,Morning
EMP01062,2026-02-17,Unpaid,Morning
EMP01063,2026-03-19,Sick,Morning
EMP01063,2026-02-09,Casual,Morning
EMP01064,2026-01-21,Unpaid,Morning
EMP01064,2026-01-13,Unpaid,Morning
EMP01071,2026-03-23,Casual,Morning
EMP01071,2026-02-23,Unpaid,Morning
EMP01072,2026-01-12,Sick,Morning
EMP01072,2026-02-24,Casual,Morning
EMP01073,2026-02-27,Casual,Morning
EMP01079,2026-03-09,Unpaid,Morning
EMP01079,2026-01-13,Unpaid,Morning
EMP01079,2026-03-04,Casual,Morning
EMP01080,2026-03-12,Sick,Morning
EMP01082,2026-02-27,Sick,Morning
EMP01082,2026-01-09,Sick,Morning
EMP01085,2026-01-23,Casual,Morning
EMP01086,2026-01-08,Casual,Morning
EMP01090,2026-01-01,Casual,Morning
EMP01090,2026-02-02,Unpaid,Morning
EMP01090,2026-02-27,Sick,Morning
EMP01091,2026-03-06,Unpaid,Morning
EMP01092,2026-03-04,Casual,Morning
EMP01097,2026-03-03,Sick,Morning
EMP01099,2026-02-04,Unpaid,Morning
EMP01104,2026-03-18,Casual,Morning
EMP01104,2026-01-15,Sick,Morning
EMP01105,2026-02-26,Sick,Morning
EMP01108,2026-03-11,Casual,Morning
EMP01109,2026-01-01,Unpaid,Morning
EMP01110,2026-02-09,Unpaid,Morning
EMP01110,2026-03-03,Sick,Morning
EMP01110,2026-03-16,Casual,Morning
EMP01114,2026-02-09,Sick,Morning
EMP01114,2026-02-23,Sick,Morning
EMP01119,2026-01-12,Unpaid,Morning
EMP01124,2026-01-26,Sick,Morning
EMP01124,2026-02-10,Sick,Morning
EMP01125,2026-02-27,Sick,Morning
EMP01125,2026-01-23,Sick,Morning
EMP01125,2026-01-14,Unpaid,Morning
EMP01130,2026-03-13,Unpaid,Morning
EMP01130,2026-02-27,Casual,Morning
EMP01131,2026-01-19,Unpaid,Morning
EMP01133,2026-03-23,Sick,Morning
EMP01139,2026-02-06,Casual,Morning
EMP01139,2026-02-04,Unpaid,Morning
EMP01139,2026-03-31,Sick,Morning
EMP01145,2026-02-12,Sick,Morning
EMP01145,2026-03-09,Sick,Morning
EMP01146,2026-03-02,Sick,Morning
EMP01147,2026-02-02,Sick,Morning
EMP01147,2026-01-06,Unpaid,Morning
EMP01147,2026-01-19,Sick,Morning
EMP01152,2026-01-19,Unpaid,Morning
EMP01152,2026-01-22,Casual,Morning
EMP01153,2026-01-23,Sick,Morning
EMP01153,2026-02-27,Casual,Morning
EMP01154,2026-01-30,Unpaid,Morning
EMP01154,2026-02-26,Casual,Morning
EMP01156,2026-02-24,Sick,Morning
EMP01161,2026-03-06,Casual,Morning
EMP01161,2026-01-22,Unpaid,Morning
EMP01161,2026-03-05,Casual,Morning
EMP01166,2026-01-20,Unpaid,Morning
EMP01166,2026-02-24,Sick,Morning
EMP01168,2026-03-12,Unpaid,Morning
EMP01168,2026-01-26,Sick,Morning
EMP01174,2026-01-07,Unpaid,Morning
EMP01174,2026-03-12,Sick,Morning
EMP01175,2026-01-23,Unpaid,Morning
EMP01177,2026-01-07,Casual,Morning
EMP01180,2026-03-05,Sick,Morning
EMP01185,2026-01-29,Unpaid,Morning
EMP01189,2026-03-25,Sick,Morning
EMP01189,2026-01-30,Unpaid,Morning
EMP01193,2026-02-26,Unpaid,Morning
EMP01193,2026-02-04,Casual,Morning
EMP01194,2026-01-30,Unpaid,Morning
EMP01194,2026-01-06,Casual,Morning
EMP01195,2026-02-09,Casual,Morning
EMP01197,2026-01-22,Sick,Morning
EMP01201,2026-01-09,Sick,Morning
EMP01205,2026-03-31,Casual,Morning
EMP01206,2026-01-30,Casual,Morning
EMP01206,2026-01-28,Unpaid,Morning
EMP01208,2026-01-14,Casual,Morning
EMP01210,2026-01-29,Casual,Morning
EMP01211,2026-01-23,Sick,Morning
EMP01211,2026-01-30,Casual,Morning
EMP01212,2026-02-06,Sick,Morning
EMP01212,2026-02-19,Sick,Morning
EMP01214,2026-02-16,Unpaid,Morning
EMP01215,2026-01-27,Unpaid,Morning
EMP01215,2026-01-26,Casual,Morning
EMP01219,2026-03-20,Casual,Morning
EMP01219,2026-03-09,Casual,Morning
EMP01219,2026-02-16,Unpaid,Morning
EMP01220,2026-03-05,Casual,Morning
EMP01220,2026-02-09,Sick,Morning
EMP01220,2026-03-09,Casual,Morning
EMP01221,2026-01-06,Sick,Morning
EMP01224,2026-03-26,Sick,Morning
EMP01230,2026-02-17,Casual,Morning
EMP01230,2026-01-29,Sick,Morning
EMP01234,2026-03-23,Unpaid,Morning
EMP01235,2026-03-24,Casual,Morning
EMP01235,2026-01-16,Sick,Morning
EMP01236,2026-01-21,Sick,Morning
EMP01236,2026-03-27,Unpaid,Morning
EMP01239,2026-02-20,Unpaid,Morning
EMP01240,2026-03-06,Casual,Morning
EMP01240,2026-03-19,Unpaid,Morning
EMP01240,2026-02-13,Casual,Morning
EMP01241,2026-03-18,Unpaid,Morning
EMP01246,2026-02-17,Sick,Morning
EMP01253,2026-03-12,Casual,Morning
EMP01253,2026-02-18,Casual,Morning
EMP01255,2026-02-06,Sick,Morning
EMP01255,2026-03-09,Sick,Morning
EMP01256,2026-02-06,Casual,Morning
EMP01259,2026-02-04,Sick,Morning
EMP01259,2026-01-14,Unpaid,Morning
EMP01259,2026-01-16,Unpaid,Morning
EMP01260,2026-03-27,Sick,Morning
EMP01262,2026-01-13,Casual,Morning
EMP01262,2026-01-28,Casual,Morning
EMP01262,2026-02-26,Casual,Morning
EMP01263,2026-01-23,Casual,Morning
EMP01263,2026-02-06,Casual,Morning
EMP01265,2026-03-09,Casual,Morning
EMP01266,2026-03-20,Sick,Morning
EMP01266,2026-03-26,Unpaid,Morning
EMP01268,2026-01-21,Unpaid,Morning
EMP01268,2026-01-08,Sick,Morning
EMP01268,2026-02-17,Casual,Morning
EMP01272,2026-03-05,Unpaid,Morning
EMP01272,2026-03-13,Unpaid,Morning
EMP01272,2026-01-20,Casual,Morning
EMP01276,2026-01-16,Unpaid,Morning
EMP01276,2026-03-06,Sick,Morning
EMP01277,2026-03-05,Unpaid,Morning
EMP01282,2026-02-05,Sick,Morning
EMP01289,2026-03-05,Casual,Morning
EMP01289,2026-03-16,Sick,Morning
EMP01289,2026-01-01,Casual,Morning
EMP01290,2026-03-17,Unpaid,Morning
EMP01290,2026-02-18,Unpaid,Morning
EMP01290,2026-02-16,Sick,Morning
EMP01291,2026-03-05,Sick,Morning
EMP01296,2026-03-11,Unpaid,Morning
EMP01296,2026-01-09,Sick,Morning
EMP01301,2026-01-21,Sick,Morning
EMP01301,2026-02-13,Unpaid,Morning
EMP01301,2026-03-03,Casual,Morning
EMP01306,2026-03-25,Casual,Morning
EMP01306,2026-01-26,Sick,Morning
EMP01312,2026-03-20,Sick,Morning
EMP01314,2026-01-21,Unpaid,Morning
EMP01314,2026-03-05,Sick,Morning
EMP01315,2026-03-04,Sick,Morning
EMP01318,2026-01-15,Unpaid,Morning
EMP01318,2026-02-18,Sick,Morning
EMP01323,2026-01-05,Sick,Morning
EMP01323,2026-01-22,Unpaid,Morning
EMP01324,2026-02-20,Casual,Morning
EMP01324,2026-03-30,Sick,Morning
EMP01326,2026-03-09,Casual,Morning
EMP01328,2026-02-03,Casual,Morning
EMP01334,2026-03-30,Sick,Morning
EMP01334,2026-02-27,Sick,Morning
EMP01334,2026-03-25,Casual,Morning
EMP01336,2026-01-05,Casual,Morning
EMP01337,2026-02-10,Sick,Morning
EMP01337,2026-01-21,Sick,Morning
EMP01337,2026-02-16,Unpaid,Morning
EMP01339,2026-02-16,Sick,Morning
EMP01339,2026-03-26,Sick,Morning
EMP01340,2026-01-21,Unpaid,Morning
EMP01341,2026-02-20,Sick,Morning
EMP01341,2026-02-27,Sick,Morning
EMP01344,2026-03-10,Unpaid,Morning
EMP01344,2026-01-12,Sick,Morning
EMP01345,2026-02-26,Sick,Morning
EMP01345,2026-02-10,Casual,Morning
EMP01348,2026-02-04,Casual,Morning
EMP01348,2026-01-20,Casual,Morning
EMP01349,2026-03-26,Unpaid,Morning
EMP01352,2026-03-23,Sick,Morning
EMP01356,2026-03-31,Casual,Morning
EMP01359,2026-03-06,Casual,Morning
EMP01359,2026-03-04,Casual,Morning
EMP01360,2026-02-05,Unpaid,Morning
EMP01360,2026-01-27,Sick,Morning
EMP01361,2026-01-09,Unpaid,Morning
EMP01361,2026-02-17,Unpaid,Morning
EMP01362,2026-03-09,Casual,Morning
EMP01368,2026-01-26,Sick,Morning
EMP01368,2026-02-17,Unpaid,Morning
EMP01368,2026-02-20,Sick,Morning
EMP01369,2026-01-28,Casual,Morning
EMP01369,2026-02-20,Sick,Morning
EMP01371,2026-03-18,Sick,Morning
EMP01371,2026-03-11,Casual,Morning
EMP01372,2026-01-23,Unpaid,Morning
EMP01373,2026-01-22,Sick,Morning
EMP01373,2026-03-25,Sick,Morning
EMP01377,2026-01-23,Casual,Morning
EMP01377,2026-01-26,Unpaid,Morning
EMP01378,2026-03-09,Casual,Morning
EMP01386,2026-02-06,Sick,Morning
EMP01388,2026-01-16,Unpaid,Morning
EMP01391,2026-03-23,Sick,Morning
EMP01391,2026-01-12,Sick,Morning
EMP01391,2026-02-09,Unpaid,Morning
EMP01392,2026-02-10,Sick,Morning
EMP01392,2026-01-07,Sick,Morning
EMP01394,2026-02-02,Casual,Morning
EMP01397,2026-03-31,Sick,Morning
EMP01400,2026-02-20,Sick,Morning
EMP01400,2026-03-03,Unpaid,Morning
EMP01403,2026-02-25,Casual,Morning
EMP01403,2026-02-23,Sick,Morning
EMP01404,2026-03-05,Sick,Morning
EMP01404,2026-03-19,Casual,Morning
EMP01405,2026-02-11,Unpaid,Morning
EMP01405,2026-03-17,Casual,Morning
EMP01410,2026-01-08,Casual,Morning
EMP01412,2026-02-24,Unpaid,Morning
EMP01412,2026-01-30,Unpaid,Morning
EMP01413,2026-03-04,Unpaid,Morning
EMP01413,2026-01-06,Casual,Morning
EMP01416,2026-01-27,Unpaid,Morning
EMP01416,2026-01-12,Unpaid,Morning
EMP01416,2026-02-17,Sick,Morning
EMP01417,2026-01-07,Unpaid,Morning
EMP01417,2026-02-24,Unpaid,Morning
EMP01418,2026-01-14,Casual,Morning
EMP01418,2026-02-24,Casual,Morning
EMP01419,2026-01-09,Sick,Morning
EMP01419,2026-02-02,Unpaid,Morning
EMP01419,2026-02-13,Unpaid,Morning
EMP01427,2026-01-15,Casual,Morning
EMP01427,2026-01-28,Unpaid,Morning
EMP01429,2026-02-19,Unpaid,Morning
EMP01431,2026-02-25,Sick,Morning
EMP01433,2026-03-03,Unpaid,Morning
EMP01438,2026-02-19,Unpaid,Morning
EMP01438,2026-02-12,Sick,Morning
EMP01438,2026-01-20,Unpaid,Morning
EMP01440,2026-02-16,Unpaid,Morning
EMP01443,2026-02-23,Sick,Morning
EMP01444,2026-01-15,Sick,Morning
EMP01444,2026-02-24,Casual,Morning
EMP01447,2026-01-13,Sick,Morning
EMP01449,2026-03-05,Casual,Morning
EMP01449,2026-03-12,Unpaid,Morning
EMP01452,2026-01-30,Sick,Morning
EMP01453,2026-01-21,Casual,Morning
EMP01456,2026-02-25,Casual,Morning
EMP01456,2026-01-23,Unpaid,Morning
EMP01456,2026-03-26,Unpaid,Morning
EMP01457,2026-03-16,Sick,Morning
EMP01457,2026-03-24,Casual,Morning
EMP01457,2026-01-19,Sick,Morning
EMP01459,2026-01-29,Unpaid,Morning
EMP01459,2026-03-03,Sick,Morning
EMP01459,2026-03-20,Unpaid,Morning
EMP01460,2026-01-01,Unpaid,Morning
EMP01461,2026-03-03,Sick,Morning
EMP01461,2026-03-26,Sick,Morning
EMP01462,2026-01-20,Unpaid,Morning
EMP01465,2026-03-11,Unpaid,Morning
EMP01465,2026-02-06,Sick,Morning
EMP01465,2026-02-13,Casual,Morning
EMP01466,2026-02-03,Sick,Morning
EMP01466,2026-02-26,Casual,Morning
EMP01471,2026-03-24,Sick,Morning
EMP01472,2026-01-26,Sick,Morning
EMP01472,2026-01-20,Casual,Morning
EMP01472,2026-03-05,Sick,Morning
EMP01474,2026-02-04,Casual,Morning
EMP01474,2026-01-29,Casual,Morning
EMP01476,2026-03-31,Casual,Morning
EMP01478,2026-01-15,Casual,Morning
EMP01478,2026-02-17,Casual,Morning
EMP01481,2026-02-18,Sick,Morning
EMP01481,2026-01-01,Sick,Morning
EMP01483,2026-03-17,Sick,Morning
EMP01483,2026-02-25,Sick,Morning
EMP01484,2026-02-17,Unpaid,Morning
EMP01484,2026-03-30,Casual,Morning
EMP01490,2026-01-21,Unpaid,Morning
EMP01490,2026-03-19,Sick,Morning
EMP01492,2026-02-13,Sick,Morning
EMP01493,2026-02-11,Casual,Morning
EMP01493,2026-03-02,Casual,Morning
EMP01495,2026-02-16,Unpaid,Morning
EMP01496,2026-01-23,Unpaid,Morning
EMP01500,2026-01-06,Casual,Morning
EMP01501,2026-02-11,Casual,Morning
EMP01501,2026-01-28,Unpaid,Morning
EMP01505,2026-01-20,Casual,Morning
EMP01506,2026-02-09,Casual,Morning
EMP01506,2026-02-26,Sick,Morning
EMP01506,2026-01-01,Unpaid,Morning
EMP01509,2026-03-23,Casual,Morning
EMP01509,2026-02-12,Unpaid,Morning
EMP01510,2026-02-11,Sick,Morning
EMP01511,2026-01-12,Sick,Morning
EMP01512,2026-01-07,Sick,Morning
EMP01513,2026-01-20,Sick,Morning
EMP01513,2026-02-16,Casual,Morning
EMP01514,2026-03-30,Unpaid,Morning
EMP01514,2026-02-24,Unpaid,Morning
EMP01515,2026-03-16,Unpaid,Morning
EMP01518,2026-03-12,Unpaid,Morning
EMP01518,2026-01-07,Unpaid,Morning
EMP01519,2026-01-07,Unpaid,Morning
EMP01520,2026-02-03,Sick,Morning
EMP01521,2026-02-06,Casual,Morning
EMP01521,2026-03-03,Unpaid,Morning
EMP01521,2026-01-06,Unpaid,Morning
EMP01523,2026-03-24,Casual,Morning
EMP01524,2026-03-24,Unpaid,Morning
EMP01525,2026-03-03,Unpaid,Morning
EMP01525,2026-02-16,Unpaid,Morning
EMP01525,2026-01-28,Sick,Morning
EMP01529,2026-01-01,Casual,Morning
EMP01530,2026-03-02,Unpaid,Morning
EMP01531,2026-02-17,Unpaid,Morning
EMP01532,2026-02-10,Casual,Morning
EMP01533,2026-03-09,Casual,Morning
EMP01539,2026-03-09,Unpaid,Morning
EMP01544,2026-01-16,Sick,Morning
EMP01545,2026-02-20,Casual,Morning
EMP01547,2026-02-27,Unpaid,Morning
EMP01551,2026-03-26,Unpaid,Morning
EMP01552,2026-02-27,Sick,Morning
EMP01552,2026-01-06,Unpaid,Morning
EMP01553,2026-02-26,Sick,Morning
EMP01553,2026-01-01,Sick,Morning
EMP01559,2026-02-12,Unpaid,Morning
EMP01562,2026-03-19,Unpaid,Morning
EMP01570,2026-01-15,Sick,Morning
EMP01579,2026-02-25,Unpaid,Morning
EMP01581,2026-01-12,Casual,Morning
EMP01583,2026-02-05,Unpaid,Morning
EMP01583,2026-03-25,Unpaid,Morning
EMP01588,2026-03-17,Sick,Morning
EMP01588,2026-03-26,Casual,Morning
EMP01589,2026-01-06,Unpaid,Morning
EMP01589,2026-03-25,Casual,Morning
EMP01590,2026-01-08,Unpaid,Morning
EMP01590,2026-02-12,Unpaid,Morning
EMP01591,2026-02-24,Casual,Morning
EMP01592,2026-01-30,Casual,Morning
EMP01595,2026-02-09,Unpaid,Morning
EMP01597,2026-03-09,Unpaid,Morning
EMP01597,2026-02-23,Unpaid,Morning
EMP01597,2026-02-18,Casual,Morning
EMP01600,2026-02-11,Casual,Morning
EMP01600,2026-01-23,Unpaid,Morning
EMP01605,2026-01-08,Sick,Morning
EMP01608,2026-01-16,Casual,Morning
EMP01608,2026-03-02,Unpaid,Morning
EMP01609,2026-01-20,Casual,Morning
EMP01609,2026-03-09,Sick,Morning
EMP01610,2026-02-27,Sick,Morning
EMP01610,2026-02-11,Unpaid,Morning
EMP01616,2026-02-24,Unpaid,Morning
EMP01616,2026-01-29,Sick,Morning
EMP01616,2026-01-05,Sick,Morning
EMP01617,2026-01-28,Unpaid,Morning
EMP01617,2026-03-09,Unpaid,Morning
EMP01623,2026-02-17,Casual,Morning
EMP01623,2026-03-12,Sick,Morning
EMP01626,2026-02-05,Casual,Morning
EMP01628,2026-01-23,Unpaid,Morning
EMP01628,2026-01-07,Unpaid,Morning
EMP01628,2026-01-09,Casual,Morning
EMP01630,2026-02-23,Casual,Morning
EMP01632,2026-02-19,Sick,Morning
EMP01634,2026-01-09,Casual,Morning
EMP01634,2026-03-12,Unpaid,Morning
EMP01635,2026-01-05,Sick,Morning
EMP01635,2026-03-30,Sick,Morning
EMP01635,2026-02-23,Casual,Morning
EMP01638,2026-02-06,Unpaid,Morning
EMP01638,2026-02-20,Casual,Morning
EMP01640,2026-01-13,Sick,Morning
EMP01641,2026-02-25,Casual,Morning
EMP01641,2026-02-19,Casual,Morning
EMP01641,2026-03-10,Casual,Morning
EMP01642,2026-02-19,Casual,Morning
EMP01642,2026-03-06,Unpaid,Morning
EMP01646,2026-03-06,Casual,Morning
EMP01649,2026-01-22,Unpaid,Morning
EMP01649,2026-01-07,Sick,Morning
EMP01649,2026-02-20,Unpaid,Morning
EMP01655,2026-01-30,Sick,Morning
EMP01662,2026-01-09,Unpaid,Morning
EMP01662,2026-03-09,Sick,Morning
EMP01664,2026-03-02,Sick,Morning
EMP01666,2026-01-27,Sick,Morning
EMP01666,2026-03-17,Casual,Morning
EMP01667,2026-03-27,Casual,Morning
EMP01668,2026-02-19,Casual,Morning
EMP01669,2026-01-15,Casual,Morning
EMP01669,2026-02-24,Casual,Morning
EMP01669,2026-01-08,Sick,Morning
EMP01677,2026-01-20,Casual,Morning
EMP01677,2026-01-07,Unpaid,Morning
EMP01679,2026-02-11,Sick,Morning
EMP01682,2026-03-12,Casual,Morning
EMP01683,2026-01-09,Casual,Morning
EMP01684,2026-01-01,Sick,Morning
EMP01691,2026-02-09,Casual,Morning
EMP01694,2026-02-17,Unpaid,Morning
EMP01694,2026-02-20,Sick,Morning
EMP01695,2026-02-27,Sick,Morning
EMP01695,2026-03-02,Sick,Morning
EMP01695,2026-03-10,Casual,Morning
EMP01697,2026-02-05,Casual,Morning
EMP01697,2026-01-15,Casual,Morning
EMP01698,2026-01-27,Casual,Morning
EMP01698,2026-03-04,Unpaid,Morning
EMP01699,2026-03-27,Casual,Morning
EMP01699,2026-02-02,Casual,Morning
EMP01703,2026-03-13,Casual,Morning
EMP01703,2026-03-18,Unpaid,Morning
EMP01704,2026-02-17,Unpaid,Morning
EMP01704,2026-01-16,Sick,Morning
EMP01706,2026-01-02,Unpaid,Morning
EMP01706,2026-03-11,Casual,Morning
EMP01707,2026-01-06,Unpaid,Morning
EMP01707,2026-01-22,Casual,Morning
EMP01710,2026-02-03,Sick,Morning
EMP01710,2026-02-04,Casual,Morning
EMP01710,2026-01-13,Unpaid,Morning
EMP01711,2026-01-06,Casual,Morning
EMP01712,2026-02-12,Casual,Morning
EMP01713,2026-01-06,Unpaid,Morning
EMP01714,2026-01-13,Sick,Morning
EMP01718,2026-01-26,Sick,Morning
EMP01719,2026-03-25,Casual,Morning
EMP01720,2026-01-28,Sick,Morning
EMP01723,2026-01-30,Unpaid,Morning
EMP01724,2026-02-20,Unpaid,Morning
EMP01731,2026-02-26,Sick,Morning
EMP01731,2026-02-12,Casual,Morning
EMP01734,2026-03-30,Casual,Morning
EMP01735,2026-02-20,Sick,Morning
EMP01736,2026-02-12,Unpaid,Morning
EMP01738,2026-02-27,Unpaid,Morning
EMP01738,2026-01-01,Casual,Morning
EMP01739,2026-01-01,Casual,Morning
EMP01740,2026-03-23,Sick,Morning
EMP01745,2026-01-13,Sick,Morning
EMP01746,2026-03-18,Unpaid,Morning
EMP01748,2026-02-10,Sick,Morning
EMP01748,2026-02-19,Sick,Morning
EMP01748,2026-01-28,Casual,Morning
EMP01749,2026-03-03,Unpaid,Morning
EMP01752,2026-03-13,Unpaid,Morning
EMP01753,2026-02-02,Unpaid,Morning
EMP01757,2026-01-13,Sick,Morning
EMP01757,2026-03-06,Unpaid,Morning
EMP01760,2026-02-12,Casual,Morning
EMP01762,2026-03-26,Casual,Morning
EMP01763,2026-01-07,Unpaid,Morning
EMP01769,2026-02-24,Casual,Morning
EMP01769,2026-01-12,Unpaid,Morning
EMP01770,2026-02-16,Unpaid,Morning
EMP01776,2026-03-20,Sick,Morning
EMP01776,2026-02-25,Sick,Morning
EMP01782,2026-03-02,Sick,Morning
EMP01782,2026-02-19,Sick,Morning
EMP01782,2026-02-18,Unpaid,Morning
EMP01783,2026-01-06,Unpaid,Morning
EMP01784,2026-01-06,Unpaid,Morning
EMP01784,2026-01-07,Casual,Morning
EMP01784,2026-03-20,Sick,Morning
EMP01785,2026-03-19,Sick,Morning
EMP01785,2026-03-23,Unpaid,Morning
EMP01787,2026-03-23,Unpaid,Morning
EMP01787,2026-01-13,Casual,Morning
EMP01790,2026-02-16,Casual,Morning
EMP01793,2026-01-16,Sick,Morning
EMP01793,2026-03-25,Unpaid,Morning
EMP01793,2026-03-13,Unpaid,Morning
EMP01794,2026-01-13,Sick,Morning
EMP01794,2026-01-12,Casual,Morning
EMP01795,2026-03-10,Sick,Morning
EMP01799,2026-01-14,Sick,Morning
EMP01800,2026-01-26,Casual,Morning
EMP01801,2026-01-07,Casual,Morning
EMP01805,2026-03-16,Unpaid,Morning
EMP01810,2026-03-05,Sick,Morning
EMP01812,2026-03-24,Casual,Morning
EMP01817,2026-03-17,Casual,Morning
EMP01817,2026-01-02,Unpaid,Morning
EMP01818,2026-01-26,Unpaid,Morning
EMP01825,2026-02-13,Unpaid,Morning
EMP01828,2026-03-06,Casual,Morning
EMP01830,2026-02-04,Casual,Morning
EMP01830,2026-02-25,Casual,Morning
EMP01833,2026-02-27,Casual,Morning
EMP01833,2026-01-30,Sick,Morning
EMP01834,2026-01-08,Unpaid,Morning
EMP01836,2026-01-27,Unpaid,Morning
EMP01840,2026-01-22,Sick,Morning
EMP01848,2026-03-05,Casual,Morning
EMP01849,2026-02-13,Sick,Morning
EMP01850,2026-03-26,Unpaid,Morning
EMP01852,2026-03-11,Sick,Morning
EMP01856,2026-03-06,Casual,Morning
EMP01856,2026-02-17,Casual,Morning
EMP01861,2026-01-05,Unpaid,Morning
EMP01861,2026-01-02,Casual,Morning
EMP01865,2026-01-15,Casual,Morning
EMP01869,2026-01-16,Unpaid,Morning
EMP01870,2026-03-11,Casual,Morning
EMP01870,2026-03-13,Casual,Morning
EMP01870,2026-03-20,Unpaid,Morning
EMP01873,2026-01-01,Casual,Morning
EMP01873,2026-01-14,Casual,Morning
EMP01873,2026-03-23,Sick,Morning
EMP01876,2026-01-27,Sick,Morning
EMP01877,2026-03-02,Sick,Morning
EMP01882,2026-02-20,Casual,Morning
EMP01882,2026-02-02,Unpaid,Morning
EMP01884,2026-03-26,Unpaid,Morning
EMP01885,2026-03-23,Sick,Morning
EMP01888,2026-02-02,Casual,Morning
EMP01888,2026-01-06,Unpaid,Morning
EMP01889,2026-01-23,Sick,Morning
EMP01890,2026-03-03,Casual,Morning
EMP01890,2026-01-06,Casual,Morning
EMP01895,2026-02-02,Sick,Morning
EMP01895,2026-01-09,Sick,Morning
EMP01896,2026-01-13,Unpaid,Morning
EMP01896,2026-03-03,Sick,Morning
EMP01897,2026-01-06,Unpaid,Morning
EMP01904,2026-02-25,Unpaid,Morning
EMP01908,2026-01-15,Casual,Morning
EMP01919,2026-01-13,Casual,Morning
EMP01919,2026-02-06,Unpaid,Morning
EMP01920,2026-02-12,Casual,Morning
EMP01920,2026-03-13,Casual,Morning
EMP01925,2026-03-25,Unpaid,Morning
EMP01925,2026-01-15,Unpaid,Morning
EMP01925,2026-02-02,Sick,Morning
EMP01928,2026-01-08,Casual,Morning
EMP01929,2026-01-19,Unpaid,Morning
EMP01929,2026-01-29,Sick,Morning
EMP01929,2026-03-02,Unpaid,Morning
EMP01930,2026-02-09,Casual,Morning
EMP01930,2026-03-23,Sick,Morning
EMP01933,2026-01-16,Casual,Morning
EMP01933,2026-01-07,Sick,Morning
EMP01936,2026-02-26,Unpaid,Morning
EMP01936,2026-01-22,Casual,Morning
EMP01938,2026-03-23,Unpaid,Morning
EMP01939,2026-03-23,Sick,Morning
EMP01940,2026-03-05,Casual,Morning
EMP01940,2026-01-14,Casual,Morning
EMP01941,2026-03-09,Unpaid,Morning
EMP01944,2026-02-25,Sick,Morning
EMP01944,2026-02-02,Unpaid,Morning
EMP01945,2026-03-05,Sick,Morning
EMP01945,2026-03-26,Casual,Morning
EMP01951,2026-01-13,Casual,Morning
EMP01951,2026-02-17,Unpaid,Morning
EMP01953,2026-03-26,Sick,Morning
EMP01953,2026-01-26,Sick,Morning
EMP01953,2026-01-08,Unpaid,Morning
EMP01954,2026-02-26,Sick,Morning
EMP01956,2026-02-23,Casual,Morning
EMP01970,2026-03-10,Unpaid,Morning
EMP01972,2026-01-13,Unpaid,Morning
EMP01975,2026-03-20,Unpaid,Morning
EMP01978,2026-01-30,Casual,Morning
EMP01978,2026-03-20,Casual,Morning
EMP01979,2026-02-17,Sick,Morning
EMP01979,2026-01-27,Unpaid,Morning
EMP01980,2026-02-05,Unpaid,Morning
EMP01980,2026-01-01,Sick,Morning
EMP01982,2026-03-12,Sick,Morning
EMP01982,2026-02-19,Sick,Morning
EMP01984,2026-01-12,Unpaid,Morning
EMP01990,2026-03-27,Sick,Morning
EMP01991,2026-01-13,Sick,Morning
EMP01997,2026-01-28,Sick,Morning
EMP02000,2026-02-11,Casual,Morning
EMP02000,2026-02-02,Casual,Morning
