Employee_ID,Age,Department,Gender,Joining_Date,Attrition_Target
EMP00001,50,Technology,Female,2025-08-09,0
EMP00002,36,Technology,Male,2017-11-14,0
EMP00003,29,Technology,Male,2022-01-08,0
EMP00004,42,Operations,Female,2022-05-03,0
EMP00005,40,Marketing,Female,2023-01-16,0
EMP00006,44,Operations,Male,2023-02-07,0
EMP00007,32,Marketing,Female,2021-07-31,0
EMP00008,32,Sales,Female,2020-09-13,0
EMP00009,45,Sales,Female,2017-10-23,1
EMP00010,57,Marketing,Female,2018-11-23,0
EMP00011,45,Technology,Male,2018-08-28,1
EMP00012,24,Operations,Male,2018-09-22,0
EMP00013,43,Operations,Female,2021-09-03,0
EMP00014,23,Sales,Male,2021-06-17,0
EMP00015,45,Operations,Male,2018-08-24,0
EMP00016,51,Operations,Male,2021-08-08,0
EMP00017,59,Finance,Male,2020-01-30,0
EMP00018,23,Technology,Male,2020-04-02,1
EMP00019,42,Sales,Male,2019-06-17,0
EMP00020,54,HR,Male,2020-04-29,0
EMP00021,33,Technology,Male,2023-03-27,1
EMP00022,43,Technology,Female,2022-03-09,0
EMP00023,46,Operations,Female,2018-01-15,0
EMP00024,48,Technology,Female,2020-10-17,0
EMP00025,49,Marketing,Male,2018-03-12,1
EMP00026,37,Operations,Male,2020-12-05,0
EMP00027,36,Operations,Female,2025-06-01,0
EMP00028,24,Technology,Female,2021-05-04,0
EMP00029,58,Operations,Male,2022-02-09,1
EMP00030,28,Technology,Male,2020-08-20,1
EMP00031,42,Technology,Female,2019-01-14,0
EMP00032,30,Marketing,Male,2019-01-17,0
EMP00033,39,Sales,Male,2022-09-21,1
EMP00034,25,Sales,Female,2023-01-20,0
EMP00035,46,Marketing,Male,2021-08-10,0
EMP00036,35,Technology,Male,2022-08-24,1
EMP00037,30,Technology,Male,2024-12-01,0
EMP00038,47,Sales,Female,2019-08-21,1
EMP00039,23,Operations,Male,2019-04-06,0
EMP00040,41,Marketing,Male,2022-10-27,0
EMP00041,49,Technology,Male,2025-01-08,0
EMP00042,28,Sales,Female,2020-02-08,1
EMP00043,29,Technology,Male,2019-12-28,0
EMP00044,56,Technology,Other,2019-09-07,1
EMP00045,35,Operations,Male,2020-07-19,1
EMP00046,38,Technology,Other,2025-04-01,0
EMP00047,57,Technology,Female,2022-12-28,1
EMP00048,25,Finance,Male,2020-06-23,0
EMP00049,23,Marketing,Male,2018-11-17,0
EMP00050,27,Marketing,Male,2021-03-01,0
EMP00051,25,Technology,Male,2024-12-22,0
EMP00052,50,Technology,Female,2018-10-05,0
EMP00053,39,Technology,Male,2023-11-18,0
EMP00054,47,Technology,Male,2020-09-26,0
EMP00055,55,Finance,Male,2022-11-07,0
EMP00056,31,Operations,Female,2022-01-06,0
EMP00057,57,Finance,Male,2019-12-21,0
EMP00058,35,Operations,Male,2024-03-26,0
EMP00059,52,Sales,Male,2022-08-15,1
EMP00060,36,Finance,Female,2020-01-10,1
EMP00061,29,Sales,Female,2020-02-22,1
EMP00062,35,HR,Male,2024-07-12,0
EMP00063,44,Sales,Male,2020-12-06,0
EMP00064,42,Technology,Male,2021-04-22,1
EMP00065,37,Sales,Male,2020-08-31,0
EMP00066,39,Operations,Female,2018-06-30,0
EMP00067,45,Technology,Female,2021-05-07,0
EMP00068,47,Technology,Male,2021-03-05,1
EMP00069,46,Sales,Female,2024-11-21,0
EMP00070,50,Operations,Male,2024-01-14,0
EMP00071,36,Marketing,Female,2022-08-18,0
EMP00072,22,Finance,Female,2021-11-28,0
EMP00073,46,Technology,Male,2019-02-23,0
EMP00074,28,Marketing,Female,2019-08-18,1
EMP00075,30,Sales,Male,2021-12-14,0
EMP00076,45,Operations,Male,2021-01-28,0
EMP00077,22,Marketing,Male,2019-12-09,1
EMP00078,29,Technology,Male,2019-04-29,0
EMP00079,45,Technology,Female,2018-03-25,0
EMP00080,32,Technology,Female,2025-03-27,0
EMP00081,38,Sales,Female,2018-12-08,0
EMP00082,29,Technology,Female,2021-08-28,1
EMP00083,56,Marketing,Female,2023-03-25,0
EMP00084,56,Sales,Male,2021-06-19,1
EMP00085,54,Technology,Male,2019-12-11,0
EMP00086,26,Technology,Male,2022-11-14,1
EMP00087,49,Technology,Female,2021-04-02,0
EMP00088,28,Operations,Female,2019-01-27,1
EMP00089,30,Technology,Male,2021-03-30,0
EMP00090,29,Finance,Female,2021-05-25,1
EMP00091,33,Operations,Female,2020-01-07,0
EMP00092,55,Marketing,Female,2022-02-23,0
EMP00093,54,Operations,Male,2023-06-25,1
EMP00094,44,Sales,Male,2024-01-31,1
EMP00095,45,Operations,Male,2021-04-17,0
EMP00096,58,Technology,Male,2023-08-01,1
EMP00097,56,Technology,Male,2022-05-31,0
EMP00098,43,Finance,Female,2023-11-23,0
EMP00099,48,Operations,Male,2022-04-06,0
EMP00100,56,Operations,Female,2022-09-23,0
EMP00101,22,Technology,Male,2018-10-24,0
EMP00102,56,Technology,Female,2020-04-05,0
EMP00103,58,Operations,Male,2018-08-03,0
EMP00104,35,Technology,Female,2025-06-15,0
EMP00105,24,Operations,Female,2018-09-19,0
EMP00106,22,Operations,Male,2020-11-09,1
EMP00107,26,Sales,Male,2025-04-01,0
EMP00108,47,Sales,Female,2025-01-29,0
EMP00109,35,Sales,Male,2022-08-28,0
EMP00110,48,Technology,Male,2020-04-25,1
EMP00111,30,Operations,Male,2018-10-08,0
EMP00112,36,Sales,Male,2020-03-30,1
EMP00113,36,Operations,Female,2021-07-09,0
EMP00114,47,Technology,Male,2023-08-31,0
EMP00115,34,Operations,Female,2019-07-19,0
EMP00116,53,Sales,Female,2022-08-04,1
EMP00117,53,Technology,Female,2021-11-12,0
EMP00118,25,Technology,Female,2025-05-07,0
EMP00119,51,Finance,Female,2024-04-01,0
EMP00120,58,Finance,Male,2021-11-09,0
EMP00121,44,Operations,Female,2024-12-28,1
EMP00122,36,Technology,Female,2022-11-23,1
EMP00123,50,Technology,Female,2020-07-21,0
EMP00124,57,HR,Female,2024-05-06,0
EMP00125,34,Sales,Male,2022-08-21,0
EMP00126,53,Sales,Male,2020-01-14,0
EMP00127,28,Operations,Female,2020-08-08,0
EMP00128,43,Operations,Male,2022-09-27,1
EMP00129,49,Operations,Female,2023-07-04,1
EMP00130,23,Operations,Male,2024-09-27,1
EMP00131,27,Sales,Male,2021-09-28,0
EMP00132,49,Sales,Male,2023-03-10,0
EMP00133,49,HR,Male,2025-06-16,1
EMP00134,41,Operations,Male,2021-02-15,0
EMP00135,51,Technology,Male,2020-02-06,1
EMP00136,32,Sales,Other,2018-03-20,0
EMP00137,49,Technology,Female,2022-11-06,0
EMP00138,46,HR,Male,2018-11-10,1
EMP00139,54,Operations,Female,2023-03-18,0
EMP00140,22,Operations,Female,2019-01-21,0
EMP00141,48,Technology,Female,2024-01-01,0
EMP00142,34,Operations,Male,2023-11-12,0
EMP00143,24,Finance,Female,2019-09-11,1
EMP00144,27,Technology,Female,2019-03-17,1
EMP00145,29,Technology,Male,2019-05-31,1
EMP00146,48,Technology,Male,2019-11-25,0
EMP00147,30,Technology,Female,2023-09-01,0
EMP00148,58,Operations,Male,2021-09-20,1
EMP00149,54,Sales,Female,2023-10-05,0
EMP00150,45,Operations,Male,2025-07-11,1
EMP00151,36,Sales,Female,2022-03-10,0
EMP00152,53,Technology,Female,2020-06-19,1
EMP00153,53,Sales,Male,2018-05-30,1
EMP00154,45,Technology,Male,2025-07-24,0
EMP00155,33,Sales,Female,2023-05-04,1
EMP00156,23,Operations,Female,2024-11-08,0
EMP00157,24,HR,Female,2019-11-05,0
EMP00158,58,Marketing,Male,2021-10-02,0
EMP00159,38,Technology,Male,2023-05-04,0
EMP00160,23,Technology,Male,2020-12-13,0
EMP00161,23,Technology,Female,2019-06-05,0
EMP00162,49,Marketing,Male,2021-06-21,0
EMP00163,44,Technology,Male,2018-07-25,0
EMP00164,58,Sales,Female,2025-06-04,0
EMP00165,53,Marketing,Female,2024-06-20,0
EMP00166,54,Sales,Male,2018-03-09,1
EMP00167,22,Technology,Male,2023-04-21,1
EMP00168,40,Technology,Female,2022-09-04,0
EMP00169,23,Operations,Female,2022-10-14,0
EMP00170,47,Finance,Male,2024-04-22,1
EMP00171,53,Sales,Female,2023-07-05,1
EMP00172,27,Technology,Female,2019-06-24,1
EMP00173,53,Operations,Male,2020-06-17,1
EMP00174,25,Finance,Male,2021-05-03,0
EMP00175,32,Sales,Male,2023-03-12,0
EMP00176,38,Operations,Female,2024-03-16,0
EMP00177,59,Technology,Male,2018-05-07,0
EMP00178,45,HR,Female,2019-06-26,0
EMP00179,26,Marketing,Female,2022-11-03,0
EMP00180,55,Technology,Male,2024-02-23,1
EMP00181,27,Operations,Female,2024-03-31,0
EMP00182,43,Finance,Female,2019-10-24,1
EMP00183,32,Marketing,Male,2019-07-26,0
EMP00184,37,Technology,Male,2022-11-06,1
EMP00185,54,Technology,Male,2018-05-13,0
EMP00186,30,Sales,Female,2024-06-07,1
EMP00187,27,Operations,Female,2018-03-20,0
EMP00188,37,Technology,Male,2019-06-07,0
EMP00189,50,HR,Female,2023-04-03,0
EMP00190,24,Finance,Male,2020-05-27,1
EMP00191,41,Technology,Male,2024-09-03,0
EMP00192,57,Finance,Male,2025-07-24,1
EMP00193,40,Technology,Male,2024-04-27,0
EMP00194,47,Operations,Male,2024-07-21,0
EMP00195,24,Sales,Female,2024-02-22,0
EMP00196,40,Technology,Male,2021-06-16,0
EMP00197,41,Sales,Female,2022-07-17,0
EMP00198,53,Sales,Male,2018-02-02,0
EMP00199,28,Operations,Male,2022-02-08,0
EMP00200,54,Finance,Male,2018-04-11,0
EMP00201,39,Marketing,Female,2019-04-10,0
EMP00202,22,Technology,Male,2024-06-10,0
EMP00203,32,Technology,Male,2021-11-07,1
EMP00204,49,Technology,Female,2021-03-03,1
EMP00205,46,Marketing,Male,2021-09-16,0
EMP00206,44,Operations,Male,2023-07-08,0
EMP00207,52,Sales,Female,2025-04-05,0
EMP00208,51,Technology,Male,2018-07-19,0
EMP00209,56,Marketing,Male,2025-08-24,0
EMP00210,28,Operations,Male,2025-08-08,0
EMP00211,37,Finance,Male,2025-05-17,0
EMP00212,47,Operations,Male,2019-02-28,1
EMP00213,23,Technology,Male,2023-01-20,0
EMP00214,22,Technology,Male,2021-03-23,0
EMP00215,33,Operations,Male,2021-05-03,0
EMP00216,26,Finance,Female,2025-07-28,0
EMP00217,58,Sales,Male,2022-08-21,0
EMP00218,53,Finance,Male,2017-11-25,0
EMP00219,30,Operations,Female,2022-01-09,1
EMP00220,56,Marketing,Female,2023-08-18,0
EMP00221,40,Finance,Male,2023-11-11,0
EMP00222,37,Sales,Female,2020-03-25,0
EMP00223,24,HR,Male,2019-05-05,0
EMP00224,41,HR,Male,2020-10-29,0
EMP00225,45,Operations,Female,2021-09-07,0
EMP00226,54,Operations,Male,2023-04-22,1
EMP00227,45,Operations,Male,2024-08-23,0
EMP00228,32,Technology,Male,2021-07-08,1
EMP00229,29,Finance,Male,2020-01-20,0
EMP00230,57,Operations,Male,2024-11-15,1
EMP00231,59,Finance,Female,2019-10-12,0
EMP00232,41,Operations,Male,2021-05-19,0
EMP00233,56,Operations,Female,2022-05-21,0
EMP00234,46,Sales,Female,2023-07-06,0
EMP00235,56,HR,Female,2019-08-11,0
EMP00236,46,Technology,Female,2018-03-19,0
EMP00237,50,Sales,Female,2017-11-27,0
EMP00238,39,Marketing,Male,2018-03-01,0
EMP00239,39,Operations,Male,2020-03-01,0
EMP00240,23,Technology,Male,2021-08-08,0
EMP00241,56,Technology,Female,2024-07-01,0
EMP00242,37,Finance,Female,2018-09-10,1
EMP00243,57,Technology,Male,2020-07-17,0
EMP00244,54,Technology,Male,2021-12-16,0
EMP00245,25,Technology,Male,2018-04-28,0
EMP00246,54,Technology,Female,2024-02-05,0
EMP00247,35,Technology,Male,2019-11-07,0
EMP00248,42,Sales,Female,2024-01-17,0
EMP00249,41,Sales,Other,2023-02-19,0
EMP00250,29,Operations,Male,2021-05-26,0
EMP00251,28,HR,Male,2024-03-17,0
EMP00252,24,Finance,Male,2024-12-20,0
EMP00253,38,Technology,Male,2020-03-20,0
EMP00254,54,Technology,Male,2024-05-21,1
EMP00255,33,Finance,Male,2025-01-12,1
EMP00256,43,Technology,Female,2019-01-30,0
EMP00257,43,Sales,Male,2023-04-16,1
EMP00258,51,Marketing,Male,2024-03-31,0
EMP00259,59,Marketing,Female,2022-03-16,0
EMP00260,59,Technology,Female,2021-04-04,0
EMP00261,29,Sales,Male,2023-06-22,0
EMP00262,48,Marketing,Female,2022-01-10,1
EMP00263,48,Technology,Male,2024-12-17,1
EMP00264,55,Finance,Female,2022-03-05,0
EMP00265,42,Finance,Female,2023-08-13,1
EMP00266,51,Operations,Female,2017-10-25,1
EMP00267,54,Technology,Male,2018-02-26,1
EMP00268,49,Operations,Female,2024-10-31,0
EMP00269,54,HR,Male,2019-07-19,1
EMP00270,26,Sales,Male,2018-02-18,1
EMP00271,40,Technology,Male,2023-03-16,0
EMP00272,25,Finance,Male,2024-03-21,0
EMP00273,56,Technology,Male,2020-01-20,0
EMP00274,38,Sales,Female,2020-01-19,1
EMP00275,49,Technology,Female,2023-10-23,0
EMP00276,51,Operations,Male,2020-06-22,1
EMP00277,50,Operations,Male,2018-04-04,1
EMP00278,27,Finance,Male,2018-12-29,0
EMP00279,56,Technology,Male,2025-04-10,0
EMP00280,58,Technology,Male,2025-04-08,1
EMP00281,45,Marketing,Female,2025-02-07,0
EMP00282,50,Sales,Male,2020-03-31,0
EMP00283,52,Technology,Male,2024-09-22,0
EMP00284,56,Finance,Male,2024-04-14,0
EMP00285,54,Operations,Female,2023-07-26,0
EMP00286,42,Finance,Female,2024-04-18,0
EMP00287,53,Finance,Female,2022-09-24,1
EMP00288,44,Operations,Female,2021-02-28,0
EMP00289,54,Technology,Male,2019-11-01,0
EMP00290,24,Marketing,Male,2018-02-13,0
EMP00291,39,Operations,Female,2020-07-03,0
EMP00292,46,Technology,Male,2022-02-26,0
EMP00293,52,Finance,Female,2025-05-14,0
EMP00294,24,Marketing,Male,2018-08-30,0
EMP00295,45,Marketing,Male,2019-05-22,1
EMP00296,53,Finance,Male,2018-04-13,0
EMP00297,43,Operations,Female,2021-03-26,0
EMP00298,44,Operations,Female,2017-12-16,0
EMP00299,23,Technology,Male,2020-07-23,0
EMP00300,48,Operations,Male,2020-11-18,0
EMP00301,23,Technology,Male,2025-09-06,0
EMP00302,47,Sales,Male,2020-11-11,0
EMP00303,38,Sales,Male,2025-05-30,1
EMP00304,54,Sales,Male,2023-07-19,0
EMP00305,30,Sales,Male,2018-08-13,1
EMP00306,50,Operations,Male,2021-01-16,1
EMP00307,47,Finance,Male,2023-09-02,0
EMP00308,56,Marketing,Male,2018-12-20,0
EMP00309,46,Technology,Male,2021-12-01,0
EMP00310,45,Operations,Male,2018-05-10,0
EMP00311,34,Operations,Male,2018-08-06,0
EMP00312,28,Operations,Female,2019-12-27,1
EMP00313,57,Technology,Male,2023-11-16,1
EMP00314,41,Technology,Male,2025-06-10,1
EMP00315,22,Technology,Male,2023-12-06,0
EMP00316,29,Technology,Female,2020-05-26,0
EMP00317,37,Sales,Female,2021-10-06,1
EMP00318,35,Operations,Female,2022-09-24,0
EMP00319,33,Sales,Female,2023-01-10,1
EMP00320,44,Technology,Male,2017-10-26,1
EMP00321,36,Technology,Female,2020-10-11,0
EMP00322,49,Technology,Female,2020-11-06,0
EMP00323,55,Technology,Male,2024-07-05,1
EMP00324,23,Technology,Male,2020-05-24,0
EMP00325,53,Technology,Male,2019-12-07,0
EMP00326,44,Operations,Female,2020-04-05,0
EMP00327,43,Operations,Male,2019-09-18,0
EMP00328,46,Sales,Female,2023-08-12,1
EMP00329,43,Sales,Male,2021-06-15,0
EMP00330,43,Operations,Male,2021-02-21,0
EMP00331,27,Technology,Male,2022-08-28,0
EMP00332,36,Technology,Male,2022-03-02,0
EMP00333,58,Operations,Female,2021-05-21,0
EMP00334,54,Technology,Female,2021-02-10,0
EMP00335,29,Marketing,Male,2023-02-23,0
EMP00336,26,Marketing,Female,2024-06-26,0
EMP00337,25,Sales,Male,2022-08-23,0
EMP00338,27,Sales,Female,2023-02-21,0
EMP00339,53,Operations,Male,2024-02-01,0
EMP00340,51,Technology,Male,2018-05-03,0
EMP00341,56,Technology,Male,2023-09-30,1
EMP00342,37,Finance,Male,2019-06-27,0
EMP00343,34,HR,Male,2021-11-06,1
EMP00344,51,Technology,Female,2021-07-22,0
EMP00345,40,Operations,Female,2025-01-16,0
EMP00346,38,Sales,Female,2021-07-02,1
EMP00347,40,Operations,Male,2025-07-07,0
EMP00348,49,Operations,Male,2023-04-10,0
EMP00349,47,Marketing,Male,2023-08-05,0
EMP00350,58,Sales,Male,2025-02-10,0
EMP00351,47,Operations,Female,2022-10-15,1
EMP00352,44,Technology,Male,2022-06-02,0
EMP00353,30,Finance,Male,2022-11-01,0
EMP00354,33,Technology,Male,2023-07-14,0
EMP00355,22,Sales,Other,2023-09-13,1
EMP00356,22,Sales,Male,2019-10-07,0
EMP00357,55,Operations,Male,2018-05-24,1
EMP00358,53,Operations,Male,2017-10-30,1
EMP00359,46,Technology,Male,2018-01-17,0
EMP00360,22,Technology,Male,2023-10-21,0
EMP00361,37,Finance,Male,2018-10-06,0
EMP00362,26,Sales,Female,2021-10-28,1
EMP00363,43,Technology,Male,2019-03-29,0
EMP00364,50,Finance,Female,2024-01-18,0
EMP00365,24,HR,Other,2024-10-30,0
EMP00366,33,Operations,Female,2021-11-28,1
EMP00367,47,Technology,Male,2021-09-01,0
EMP00368,37,Sales,Male,2025-05-14,1
EMP00369,58,HR,Female,2023-06-12,0
EMP00370,43,Operations,Female,2018-05-05,0
EMP00371,50,HR,Male,2025-05-26,0
EMP00372,35,Marketing,Female,2018-06-19,1
EMP00373,49,Technology,Male,2021-09-09,0
EMP00374,26,Operations,Male,2023-02-02,1
EMP00375,51,Sales,Male,2025-05-18,0
EMP00376,26,Technology,Male,2021-05-09,0
EMP00377,33,Finance,Male,2020-01-17,0
EMP00378,37,Technology,Female,2018-02-23,1
EMP00379,47,Technology,Male,2021-06-29,0
EMP00380,47,Operations,Male,2024-10-26,0
EMP00381,42,Sales,Male,2022-07-28,0
EMP00382,57,Finance,Male,2022-02-15,0
EMP00383,54,Technology,Male,2022-06-15,0
EMP00384,51,Operations,Female,2021-10-25,0
EMP00385,58,Technology,Female,2024-10-03,1
EMP00386,44,Sales,Female,2025-05-08,0
EMP00387,31,Operations,Female,2021-07-20,0
EMP00388,26,Operations,Male,2022-06-14,0
EMP00389,57,Sales,Male,2025-08-26,0
EMP00390,55,Sales,Male,2023-03-08,0
EMP00391,52,Operations,Male,2018-10-07,0
EMP00392,31,HR,Female,2022-12-15,0
EMP00393,40,Operations,Male,2018-05-01,0
EMP00394,53,Operations,Male,2023-06-19,1
EMP00395,22,Technology,Female,2024-10-08,0
EMP00396,26,Technology,Female,2018-08-10,1
EMP00397,25,Finance,Female,2020-03-09,1
EMP00398,37,Technology,Male,2024-11-29,0
EMP00399,45,Technology,Male,2020-12-15,1
EMP00400,37,Operations,Male,2020-08-15,0
EMP00401,23,Marketing,Male,2022-05-27,0
EMP00402,49,Operations,Male,2021-02-01,1
EMP00403,53,Marketing,Male,2019-12-13,0
EMP00404,48,Marketing,Female,2023-08-31,0
EMP00405,41,Technology,Male,2023-08-16,1
EMP00406,45,Sales,Female,2022-05-04,0
EMP00407,33,Technology,Female,2023-06-13,0
EMP00408,56,Sales,Male,2019-09-02,0
EMP00409,54,Operations,Female,2020-07-05,0
EMP00410,54,Sales,Male,2021-06-12,0
EMP00411,58,Sales,Male,2022-05-24,1
EMP00412,33,Sales,Female,2024-05-06,0
EMP00413,24,Technology,Male,2022-01-05,1
EMP00414,22,Sales,Other,2017-12-14,0
EMP00415,54,Technology,Male,2017-11-04,1
EMP00416,31,Technology,Female,2021-09-24,0
EMP00417,50,Technology,Male,2021-11-07,1
EMP00418,34,Sales,Male,2017-12-01,0
EMP00419,33,Operations,Male,2022-07-09,0
EMP00420,52,Technology,Female,2023-08-25,1
EMP00421,23,Sales,Female,2023-06-14,1
EMP00422,56,Marketing,Female,2021-10-26,0
EMP00423,44,Technology,Male,2024-12-15,0
EMP00424,38,Operations,Female,2024-09-10,0
EMP00425,47,HR,Female,2025-03-10,0
EMP00426,29,Sales,Female,2024-03-17,0
EMP00427,50,Marketing,Male,2024-10-03,1
EMP00428,47,Technology,Female,2021-06-13,0
EMP00429,31,Marketing,Female,2022-11-18,0
EMP00430,47,Sales,Male,2018-05-17,0
EMP00431,55,Operations,Female,2024-09-10,0
EMP00432,28,Technology,Female,2023-11-14,1
EMP00433,25,HR,Male,2018-09-27,1
EMP00434,32,Marketing,Male,2020-11-09,0
EMP00435,50,Technology,Male,2023-04-09,0
EMP00436,57,Sales,Male,2025-07-10,0
EMP00437,46,Finance,Female,2025-02-05,1
EMP00438,42,Operations,Male,2020-12-19,1
EMP00439,57,Sales,Female,2023-02-05,0
EMP00440,31,Operations,Female,2019-04-19,1
EMP00441,58,Operations,Male,2018-02-19,0
EMP00442,30,Operations,Female,2019-07-15,0
EMP00443,45,Technology,Other,2019-12-08,0
EMP00444,56,Finance,Female,2024-08-27,0
EMP00445,56,Sales,Female,2022-09-11,0
EMP00446,57,Operations,Other,2024-12-31,0
EMP00447,39,Sales,Female,2022-09-27,1
EMP00448,53,Technology,Male,2024-01-22,0
EMP00449,45,Finance,Female,2021-12-23,0
EMP00450,44,Sales,Female,2022-12-20,0
EMP00451,53,Operations,Female,2023-02-05,0
EMP00452,58,Operations,Male,2018-02-17,0
EMP00453,33,Finance,Female,2023-11-21,1
EMP00454,34,Technology,Male,2018-12-19,0
EMP00455,44,Finance,Female,2021-01-27,0
EMP00456,46,Technology,Male,2019-10-23,1
EMP00457,56,Technology,Male,2019-07-10,0
EMP00458,51,Operations,Male,2025-08-24,0
EMP00459,38,Technology,Male,2021-12-27,0
EMP00460,41,Sales,Female,2021-11-23,0
EMP00461,46,Operations,Female,2022-07-28,0
EMP00462,43,Sales,Female,2024-01-16,0
EMP00463,34,Technology,Male,2024-04-03,0
EMP00464,40,Operations,Male,2018-02-06,0
EMP00465,57,Technology,Female,2023-05-07,0
EMP00466,33,Operations,Female,2025-06-15,0
EMP00467,40,Operations,Male,2021-11-11,0
EMP00468,33,Operations,Male,2018-03-25,1
EMP00469,30,Finance,Male,2023-02-26,0
EMP00470,28,Sales,Female,2024-10-18,1
EMP00471,49,Technology,Female,2022-11-15,0
EMP00472,35,Operations,Male,2025-08-17,0
EMP00473,52,Operations,Male,2023-12-04,0
EMP00474,40,HR,Female,2020-02-29,0
EMP00475,37,Technology,Male,2021-06-16,1
EMP00476,26,Technology,Male,2021-03-12,0
EMP00477,56,Technology,Female,2022-11-09,0
EMP00478,33,Finance,Male,2024-06-27,0
EMP00479,46,Sales,Male,2021-01-23,1
EMP00480,42,Operations,Female,2022-01-16,0
EMP00481,57,Finance,Female,2018-02-08,1
EMP00482,44,Technology,Female,2023-06-28,0
EMP00483,37,Marketing,Female,2023-08-13,0
EMP00484,35,Sales,Female,2025-09-11,0
EMP00485,52,Marketing,Female,2023-03-18,1
EMP00486,26,Finance,Male,2023-06-22,1
EMP00487,56,Operations,Female,2019-02-09,0
EMP00488,44,Operations,Other,2022-02-17,0
EMP00489,50,Technology,Male,2019-03-20,1
EMP00490,32,Technology,Male,2019-05-30,0
EMP00491,39,Finance,Male,2020-03-16,0
EMP00492,33,Technology,Male,2022-05-14,0
EMP00493,30,Sales,Male,2023-10-28,1
EMP00494,31,Technology,Female,2018-03-30,0
EMP00495,38,Finance,Female,2023-02-17,0
EMP00496,59,Technology,Male,2019-01-24,0
EMP00497,28,Finance,Male,2017-11-16,0
EMP00498,34,Operations,Male,2018-11-04,1
EMP00499,30,Technology,Female,2021-10-16,1
EMP00500,48,Technology,Male,2025-07-17,0
EMP00501,23,Sales,Male,2020-11-07,1
EMP00502,26,Operations,Male,2019-07-30,1
EMP00503,50,Technology,Male,2019-07-14,0
EMP00504,58,Sales,Male,2020-05-03,1
EMP00505,59,Technology,Female,2025-02-24,1
EMP00506,40,Operations,Female,2024-05-04,0
EMP00507,29,Sales,Female,2020-01-30,0
EMP00508,22,Operations,Male,2021-07-25,0
EMP00509,43,Operations,Female,2024-10-27,0
EMP00510,38,Technology,Female,2018-02-28,1
EMP00511,28,Operations,Male,2024-03-22,0
EMP00512,46,Technology,Female,2021-04-13,0
EMP00513,25,Operations,Male,2023-02-25,1
EMP00514,57,Finance,Female,2019-06-04,1
EMP00515,27,Operations,Male,2023-09-27,0
EMP00516,52,Technology,Other,2023-04-28,0
EMP00517,40,Technology,Male,2017-11-22,0
EMP00518,48,Sales,Female,2023-12-15,0
EMP00519,31,Sales,Female,2022-12-29,0
EMP00520,47,Technology,Female,2021-07-25,0
EMP00521,40,Sales,Male,2018-11-01,0
EMP00522,24,Technology,Male,2018-03-27,0
EMP00523,34,Sales,Female,2021-04-25,0
EMP00524,49,Operations,Male,2018-03-17,0
EMP00525,41,Sales,Male,2018-09-26,1
EMP00526,49,Technology,Female,2022-12-19,0
EMP00527,29,Sales,Male,2021-06-26,0
EMP00528,22,Technology,Male,2023-07-13,0
EMP00529,24,Operations,Male,2017-11-06,1
EMP00530,34,Technology,Male,2025-02-22,0
EMP00531,49,Finance,Female,2025-04-08,0
EMP00532,46,Operations,Female,2023-01-20,0
EMP00533,54,Operations,Female,2022-02-03,0
EMP00534,59,Finance,Female,2025-05-01,1
EMP00535,27,Operations,Male,2020-10-21,0
EMP00536,53,Operations,Male,2024-04-26,0
EMP00537,42,Marketing,Male,2024-06-28,1
EMP00538,37,Marketing,Male,2025-07-26,1
EMP00539,42,Marketing,Female,2024-04-14,0
EMP00540,32,HR,Male,2022-12-05,0
EMP00541,58,Marketing,Male,2018-10-29,1
EMP00542,57,Sales,Male,2021-06-12,0
EMP00543,56,Technology,Female,2018-01-19,0
EMP00544,40,Technology,Female,2017-12-25,1
EMP00545,41,Technology,Male,2022-09-17,1
EMP00546,39,Technology,Female,2024-07-18,0
EMP00547,35,Technology,Male,2022-07-05,1
EMP00548,36,Marketing,Male,2024-08-19,0
EMP00549,52,Technology,Female,2019-12-20,0
EMP00550,22,Operations,Male,2019-08-13,0
EMP00551,24,Technology,Female,2019-01-13,0
EMP00552,37,Technology,Other,2024-01-28,1
EMP00553,44,Finance,Female,2017-12-19,0
EMP00554,32,Marketing,Female,2019-09-10,0
EMP00555,33,Technology,Male,2020-10-09,0
EMP00556,31,Operations,Female,2021-09-21,0
EMP00557,53,Operations,Male,2018-07-06,1
EMP00558,37,Sales,Female,2018-11-06,1
EMP00559,29,Sales,Female,2018-11-26,0
EMP00560,59,Operations,Female,2020-11-15,1
EMP00561,33,Marketing,Female,2017-12-06,0
EMP00562,45,HR,Male,2021-06-23,1
EMP00563,49,Operations,Female,2022-09-23,1
EMP00564,29,Technology,Female,2023-03-10,1
EMP00565,49,Sales,Female,2020-05-21,0
EMP00566,57,Technology,Female,2020-04-29,0
EMP00567,47,Operations,Male,2020-01-29,0
EMP00568,29,Marketing,Male,2021-06-22,0
EMP00569,49,Finance,Female,2018-02-14,1
EMP00570,49,Technology,Female,2024-11-02,0
EMP00571,58,Technology,Male,2023-01-03,0
EMP00572,57,Sales,Female,2024-01-20,1
EMP00573,48,Finance,Male,2018-08-18,0
EMP00574,38,HR,Female,2024-02-06,1
EMP00575,30,Technology,Male,2023-03-18,0
EMP00576,54,Operations,Male,2023-06-05,0
EMP00577,41,Technology,Male,2022-05-17,0
EMP00578,34,Operations,Male,2024-10-15,0
EMP00579,49,Technology,Male,2020-08-04,1
EMP00580,50,Finance,Male,2023-05-19,1
EMP00581,34,Technology,Male,2021-10-31,0
EMP00582,56,Operations,Female,2024-07-06,1
EMP00583,27,Sales,Female,2020-10-31,0
EMP00584,39,Technology,Male,2025-02-14,0
EMP00585,26,Sales,Other,2024-02-10,0
EMP00586,46,Technology,Male,2022-11-28,0
EMP00587,23,Technology,Female,2022-03-08,0
EMP00588,31,Operations,Female,2022-12-11,0
EMP00589,51,Sales,Male,2020-01-30,1
EMP00590,26,Operations,Male,2021-10-07,0
EMP00591,54,Marketing,Male,2020-02-17,1
EMP00592,22,Finance,Male,2024-04-18,0
EMP00593,39,Technology,Female,2017-12-04,0
EMP00594,53,Technology,Male,2020-01-25,1
EMP00595,32,Operations,Male,2019-07-02,1
EMP00596,42,Operations,Male,2020-10-11,0
EMP00597,47,Technology,Male,2022-02-20,0
EMP00598,46,Technology,Male,2017-11-28,0
EMP00599,43,Sales,Male,2022-02-25,0
EMP00600,48,Operations,Female,2019-01-07,0
EMP00601,34,Technology,Male,2022-09-30,0
EMP00602,54,Sales,Male,2021-02-24,1
EMP00603,55,Operations,Female,2024-07-14,0
EMP00604,56,Technology,Male,2023-06-18,0
EMP00605,22,Technology,Female,2025-01-08,0
EMP00606,42,Marketing,Female,2020-03-30,1
EMP00607,27,Operations,Male,2020-04-13,0
EMP00608,49,Technology,Male,2025-06-13,0
EMP00609,38,Sales,Male,2023-01-05,0
EMP00610,26,Sales,Male,2023-08-17,0
EMP00611,52,Sales,Male,2022-08-26,1
EMP00612,26,Marketing,Male,2022-05-21,1
EMP00613,59,Sales,Male,2017-11-24,0
EMP00614,24,Sales,Male,2019-07-04,1
EMP00615,44,Sales,Female,2018-11-09,0
EMP00616,58,Marketing,Female,2025-01-30,0
EMP00617,58,HR,Male,2022-08-06,1
EMP00618,31,Operations,Male,2018-09-27,1
EMP00619,31,Technology,Female,2017-11-23,1
EMP00620,40,Operations,Female,2023-08-19,0
EMP00621,38,Operations,Female,2018-05-22,1
EMP00622,42,Technology,Male,2023-01-07,0
EMP00623,35,Sales,Female,2018-06-07,0
EMP00624,30,Sales,Male,2020-11-29,1
EMP00625,22,Technology,Male,2019-05-18,1
EMP00626,34,Sales,Male,2019-06-28,0
EMP00627,25,Technology,Male,2018-01-08,1
EMP00628,22,Technology,Male,2024-05-16,0
EMP00629,53,Operations,Male,2022-11-11,0
EMP00630,55,Technology,Female,2021-01-01,0
EMP00631,49,Operations,Female,2018-10-01,0
EMP00632,52,HR,Male,2020-01-21,0
EMP00633,29,Operations,Male,2019-05-03,1
EMP00634,47,Marketing,Male,2024-10-21,0
EMP00635,55,Technology,Female,2020-06-04,1
EMP00636,24,Finance,Male,2020-10-02,0
EMP00637,33,Technology,Other,2025-05-10,0
EMP00638,22,Sales,Male,2018-09-25,1
EMP00639,26,Operations,Male,2019-07-03,1
EMP00640,51,Technology,Female,2024-11-08,1
EMP00641,51,Sales,Female,2020-08-17,1
EMP00642,38,Finance,Male,2023-03-23,1
EMP00643,44,Operations,Male,2022-06-06,0
EMP00644,36,Finance,Other,2020-07-14,0
EMP00645,58,Technology,Male,2019-11-21,0
EMP00646,42,Finance,Female,2023-03-13,1
EMP00647,35,Technology,Male,2019-12-24,0
EMP00648,23,Finance,Female,2022-04-14,0
EMP00649,32,Operations,Female,2020-04-20,0
EMP00650,59,Finance,Male,2024-07-18,0
EMP00651,55,Operations,Female,2022-12-30,1
EMP00652,59,Technology,Male,2019-11-07,1
EMP00653,55,Finance,Male,2023-01-08,0
EMP00654,39,Operations,Female,2024-02-03,0
EMP00655,51,Technology,Male,2019-01-08,0
EMP00656,36,Operations,Female,2024-08-24,0
EMP00657,48,Technology,Male,2024-08-05,1
EMP00658,55,Finance,Male,2023-02-28,1
EMP00659,59,Operations,Male,2021-04-01,0
EMP00660,54,Finance,Male,2018-04-09,1
EMP00661,45,Technology,Male,2018-11-09,0
EMP00662,36,Marketing,Female,2024-04-01,0
EMP00663,51,HR,Female,2021-03-19,0
EMP00664,38,Operations,Female,2020-05-27,0
EMP00665,26,Sales,Male,2025-07-02,0
EMP00666,50,Sales,Male,2024-12-27,0
EMP00667,25,Finance,Male,2019-06-16,0
EMP00668,31,Sales,Male,2024-09-01,0
EMP00669,38,Marketing,Male,2025-02-22,0
EMP00670,31,Marketing,Male,2017-11-19,1
EMP00671,38,Operations,Male,2025-07-27,1
EMP00672,41,Marketing,Female,2021-04-12,1
EMP00673,45,HR,Male,2023-06-04,1
EMP00674,26,Technology,Male,2021-07-19,1
EMP00675,55,Technology,Male,2020-12-29,0
EMP00676,27,Technology,Male,2025-05-24,0
EMP00677,23,Technology,Female,2021-10-18,1
EMP00678,34,Marketing,Male,2022-07-19,1
EMP00679,32,Finance,Male,2018-12-03,0
EMP00680,44,HR,Male,2024-03-11,0
EMP00681,37,Operations,Male,2019-10-20,1
EMP00682,52,Operations,Male,2020-12-21,0
EMP00683,32,Operations,Female,2023-04-03,0
EMP00684,37,Finance,Female,2024-08-25,0
EMP00685,29,HR,Female,2021-01-01,0
EMP00686,25,Sales,Male,2021-01-11,1
EMP00687,25,Technology,Female,2023-03-04,0
EMP00688,46,Sales,Male,2022-09-18,1
EMP00689,24,Operations,Male,2021-10-19,0
EMP00690,53,Operations,Female,2025-07-11,0
EMP00691,24,Technology,Male,2024-12-03,0
EMP00692,48,Sales,Male,2025-09-03,1
EMP00693,50,Operations,Female,2022-11-20,0
EMP00694,53,Technology,Male,2022-05-08,1
EMP00695,40,Sales,Female,2024-03-13,0
EMP00696,42,Operations,Male,2022-09-10,0
EMP00697,26,Sales,Female,2022-07-09,0
EMP00698,39,Technology,Female,2024-09-17,0
EMP00699,49,HR,Female,2020-03-06,0
EMP00700,43,Operations,Male,2023-06-29,1
EMP00701,42,Marketing,Male,2022-07-07,1
EMP00702,27,Technology,Male,2022-07-17,0
EMP00703,22,Sales,Male,2022-09-27,0
EMP00704,26,Sales,Male,2022-03-20,0
EMP00705,33,Marketing,Female,2020-03-22,0
EMP00706,47,Operations,Male,2023-06-01,0
EMP00707,55,Technology,Other,2020-04-11,1
EMP00708,35,Operations,Male,2024-04-21,1
EMP00709,47,Technology,Male,2024-09-18,0
EMP00710,48,Sales,Male,2021-10-12,0
EMP00711,30,Technology,Female,2025-06-15,0
EMP00712,47,Sales,Female,2023-12-03,1
EMP00713,43,HR,Female,2021-02-15,0
EMP00714,51,HR,Female,2025-01-24,0
EMP00715,38,Technology,Male,2018-01-23,1
EMP00716,47,Marketing,Male,2024-04-30,1
EMP00717,57,Technology,Male,2017-10-19,1
EMP00718,22,Operations,Female,2018-08-09,1
EMP00719,29,Operations,Male,2019-07-04,1
EMP00720,56,Sales,Male,2021-07-05,0
EMP00721,36,HR,Female,2019-07-16,1
EMP00722,43,Sales,Other,2018-02-27,0
EMP00723,35,Technology,Female,2019-12-10,0
EMP00724,47,Sales,Female,2024-08-24,0
EMP00725,49,Operations,Female,2024-01-21,0
EMP00726,44,Marketing,Male,2022-04-12,1
EMP00727,35,Technology,Male,2020-08-23,0
EMP00728,45,Operations,Female,2023-08-16,0
EMP00729,23,HR,Female,2021-11-01,0
EMP00730,47,Operations,Male,2024-08-13,1
EMP00731,35,Marketing,Female,2020-08-08,0
EMP00732,28,Marketing,Male,2021-08-12,0
EMP00733,24,Technology,Male,2018-05-09,0
EMP00734,44,Technology,Female,2019-07-08,0
EMP00735,39,Operations,Male,2022-07-02,0
EMP00736,59,Technology,Male,2023-12-10,0
EMP00737,56,Operations,Male,2018-12-14,0
EMP00738,36,HR,Female,2022-06-30,0
EMP00739,46,Technology,Male,2023-01-21,1
EMP00740,58,Technology,Female,2021-10-15,1
EMP00741,49,Technology,Female,2019-02-09,0
EMP00742,31,Operations,Male,2021-12-26,0
EMP00743,38,Sales,Other,2017-10-18,0
EMP00744,43,Sales,Male,2025-02-07,0
EMP00745,47,Sales,Female,2019-05-11,0
EMP00746,46,Technology,Male,2020-07-18,0
EMP00747,38,Sales,Female,2022-02-18,0
EMP00748,34,Technology,Male,2022-10-19,1
EMP00749,41,Operations,Male,2023-01-23,0
EMP00750,46,Sales,Male,2020-12-20,0
EMP00751,25,Sales,Male,2023-08-28,1
EMP00752,31,Sales,Female,2024-11-07,0
EMP00753,24,Sales,Male,2019-05-17,1
EMP00754,39,Operations,Female,2024-03-17,0
EMP00755,57,HR,Male,2023-06-03,0
EMP00756,43,Technology,Male,2022-01-26,0
EMP00757,55,Marketing,Female,2021-12-07,1
EMP00758,29,Technology,Male,2023-11-26,1
EMP00759,40,Technology,Female,2019-01-31,0
EMP00760,58,Operations,Female,2018-03-06,0
EMP00761,27,Operations,Female,2020-05-30,0
EMP00762,47,Operations,Male,2020-03-29,1
EMP00763,55,Sales,Female,2020-06-11,1
EMP00764,27,HR,Female,2023-09-09,1
EMP00765,58,Technology,Female,2023-11-19,1
EMP00766,54,Technology,Male,2019-10-22,0
EMP00767,43,Operations,Female,2018-06-20,0
EMP00768,42,Sales,Female,2022-10-24,1
EMP00769,27,Operations,Female,2019-02-01,0
EMP00770,27,Finance,Male,2018-11-06,1
EMP00771,25,Technology,Male,2019-05-11,0
EMP00772,51,HR,Female,2024-01-15,1
EMP00773,32,Finance,Male,2019-10-20,0
EMP00774,51,Technology,Female,2019-04-12,0
EMP00775,52,Operations,Male,2019-11-07,0
EMP00776,45,HR,Male,2019-05-30,0
EMP00777,30,Technology,Male,2023-01-05,0
EMP00778,24,Marketing,Male,2022-02-03,0
EMP00779,52,Operations,Female,2021-12-16,1
EMP00780,58,Technology,Female,2024-12-12,1
EMP00781,57,Operations,Female,2019-03-24,0
EMP00782,45,Technology,Male,2019-12-14,0
EMP00783,52,Operations,Female,2023-11-07,1
EMP00784,27,Finance,Female,2022-02-26,1
EMP00785,23,Sales,Female,2021-09-20,1
EMP00786,41,Sales,Male,2023-09-17,0
EMP00787,49,Operations,Female,2018-05-17,0
EMP00788,32,Sales,Female,2020-05-14,0
EMP00789,25,Finance,Other,2020-07-17,1
EMP00790,36,Technology,Male,2018-10-27,1
EMP00791,27,Operations,Female,2021-08-30,1
EMP00792,51,Finance,Female,2019-12-24,1
EMP00793,59,Operations,Male,2018-01-22,0
EMP00794,23,Technology,Male,2024-05-26,0
EMP00795,36,Marketing,Male,2021-08-02,0
EMP00796,32,Marketing,Male,2020-04-01,1
EMP00797,29,Sales,Male,2021-12-06,0
EMP00798,47,Sales,Female,2019-01-02,0
EMP00799,26,Technology,Female,2022-11-28,0
EMP00800,27,Finance,Female,2020-11-23,1
EMP00801,47,HR,Female,2023-11-26,0
EMP00802,25,Technology,Male,2022-05-22,0
EMP00803,40,Finance,Male,2023-06-12,0
EMP00804,41,Sales,Female,2023-05-02,1
EMP00805,54,Technology,Male,2019-02-13,1
EMP00806,41,Operations,Male,2022-12-27,1
EMP00807,33,Operations,Male,2025-01-17,1
EMP00808,22,HR,Male,2020-06-02,0
EMP00809,47,Technology,Female,2021-04-19,0
EMP00810,35,Operations,Male,2022-04-09,1
EMP00811,59,Sales,Male,2019-01-31,1
EMP00812,58,Sales,Male,2023-05-06,1
EMP00813,32,Sales,Female,2023-06-12,1
EMP00814,57,HR,Male,2018-01-01,1
EMP00815,34,Marketing,Female,2023-03-20,0
EMP00816,24,Sales,Male,2021-01-03,0
EMP00817,54,Marketing,Male,2018-11-17,1
EMP00818,27,Operations,Male,2019-02-14,0
EMP00819,31,Sales,Male,2022-02-18,0
EMP00820,26,Finance,Male,2020-07-14,1
EMP00821,44,Operations,Male,2024-08-17,0
EMP00822,31,Sales,Female,2019-12-19,1
EMP00823,23,Sales,Male,2018-09-12,0
EMP00824,34,Marketing,Female,2022-02-04,0
EMP00825,23,Marketing,Male,2022-08-12,0
EMP00826,41,Operations,Male,2025-02-26,1
EMP00827,22,Sales,Male,2022-10-25,1
EMP00828,58,Operations,Female,2023-07-01,0
EMP00829,30,Technology,Male,2019-08-26,0
EMP00830,38,Technology,Male,2025-02-02,0
EMP00831,30,Marketing,Male,2023-07-24,0
EMP00832,32,Technology,Male,2020-07-04,0
EMP00833,36,Technology,Male,2021-04-24,1
EMP00834,45,Sales,Female,2017-12-14,0
EMP00835,59,Technology,Male,2019-10-19,0
EMP00836,56,Technology,Male,2024-10-24,0
EMP00837,51,Operations,Female,2022-01-03,1
EMP00838,52,Technology,Male,2021-03-29,0
EMP00839,26,Finance,Male,2022-09-22,0
EMP00840,35,Operations,Male,2022-05-28,1
EMP00841,32,Operations,Female,2024-11-04,0
EMP00842,30,Technology,Male,2020-10-29,0
EMP00843,55,Operations,Male,2024-12-14,0
EMP00844,33,HR,Male,2025-02-23,0
EMP00845,56,Marketing,Female,2021-03-10,0
EMP00846,56,Marketing,Male,2020-12-17,0
EMP00847,22,Operations,Female,2023-03-10,1
EMP00848,43,Sales,Female,2023-09-03,0
EMP00849,50,Finance,Female,2021-11-06,0
EMP00850,29,HR,Male,2019-03-13,0
EMP00851,32,Operations,Male,2020-09-28,0
EMP00852,58,Operations,Male,2022-11-13,0
EMP00853,35,Technology,Male,2020-10-25,1
EMP00854,51,Operations,Male,2020-07-19,1
EMP00855,56,Technology,Female,2025-06-11,1
EMP00856,42,Technology,Male,2021-08-26,0
EMP00857,58,Technology,Male,2021-09-02,0
EMP00858,26,Sales,Female,2021-09-29,0
EMP00859,40,Marketing,Female,2023-08-16,0
EMP00860,35,Technology,Male,2018-03-01,1
EMP00861,47,Technology,Female,2018-01-13,0
EMP00862,25,Operations,Male,2020-05-13,0
EMP00863,46,Operations,Female,2020-03-06,0
EMP00864,46,Operations,Female,2024-09-10,1
EMP00865,39,Operations,Female,2023-10-12,0
EMP00866,29,Finance,Female,2021-12-21,0
EMP00867,35,Technology,Male,2025-02-11,1
EMP00868,53,Sales,Male,2020-12-21,1
EMP00869,59,Finance,Female,2023-09-17,0
EMP00870,54,Technology,Male,2025-01-31,0
EMP00871,44,Finance,Female,2025-03-25,0
EMP00872,36,Technology,Male,2023-10-13,0
EMP00873,54,Sales,Male,2020-07-19,0
EMP00874,46,HR,Male,2018-11-28,0
EMP00875,38,Marketing,Male,2020-07-23,0
EMP00876,54,Marketing,Female,2024-01-10,0
EMP00877,23,Finance,Female,2022-04-13,0
EMP00878,35,Technology,Female,2022-07-31,0
EMP00879,27,Technology,Female,2023-09-06,0
EMP00880,27,Operations,Female,2019-09-13,0
EMP00881,24,Finance,Female,2019-06-03,1
EMP00882,28,Technology,Male,2019-06-25,0
EMP00883,29,Operations,Female,2018-10-03,0
EMP00884,36,Technology,Male,2019-05-02,0
EMP00885,50,Sales,Male,2024-05-02,0
EMP00886,54,Technology,Female,2021-06-01,0
EMP00887,51,Finance,Male,2020-09-26,0
EMP00888,48,Finance,Male,2018-03-08,0
EMP00889,57,Technology,Male,2023-08-01,0
EMP00890,50,Operations,Male,2017-12-31,1
EMP00891,59,Sales,Female,2019-04-23,0
EMP00892,54,Technology,Male,2025-05-10,1
EMP00893,58,Technology,Male,2019-02-04,1
EMP00894,48,Technology,Male,2019-11-20,0
EMP00895,54,Technology,Male,2020-11-11,0
EMP00896,25,Marketing,Female,2022-05-20,0
EMP00897,43,Operations,Male,2018-12-05,0
EMP00898,23,HR,Male,2022-01-29,0
EMP00899,31,Technology,Female,2020-11-11,1
EMP00900,26,Technology,Female,2022-02-27,0
EMP00901,31,Technology,Female,2023-08-22,1
EMP00902,54,Sales,Female,2023-10-23,0
EMP00903,59,Operations,Male,2025-04-25,0
EMP00904,34,Technology,Male,2022-02-06,1
EMP00905,52,Finance,Male,2022-03-02,1
EMP00906,57,Operations,Female,2021-01-16,0
EMP00907,45,Sales,Male,2022-11-27,1
EMP00908,36,Operations,Male,2023-07-10,0
EMP00909,50,Marketing,Male,2025-02-01,0
EMP00910,29,Marketing,Male,2018-04-11,0
EMP00911,26,HR,Male,2024-03-12,0
EMP00912,50,Sales,Female,2022-02-06,0
EMP00913,25,Technology,Male,2025-08-17,1
EMP00914,33,Sales,Female,2022-07-22,0
EMP00915,23,Technology,Female,2017-11-15,0
EMP00916,48,Marketing,Male,2024-07-30,0
EMP00917,52,Technology,Male,2022-04-30,0
EMP00918,57,Operations,Male,2024-10-11,0
EMP00919,57,Finance,Male,2020-09-18,0
EMP00920,47,Sales,Female,2021-06-07,0
EMP00921,48,Technology,Male,2018-01-28,0
EMP00922,26,Operations,Male,2020-06-23,0
EMP00923,41,Operations,Male,2019-05-18,1
EMP00924,32,Finance,Female,2020-07-10,1
EMP00925,31,Technology,Female,2019-04-13,0
EMP00926,59,Sales,Female,2021-11-26,0
EMP00927,27,Technology,Female,2018-02-12,0
EMP00928,29,Technology,Male,2020-09-25,0
EMP00929,44,Operations,Female,2018-11-28,0
EMP00930,47,Finance,Male,2022-05-14,1
EMP00931,33,Marketing,Female,2024-08-15,0
EMP00932,47,Operations,Female,2021-01-06,0
EMP00933,34,Marketing,Male,2022-05-22,0
EMP00934,39,Sales,Female,2017-12-29,1
EMP00935,46,Sales,Female,2025-06-01,1
EMP00936,54,Operations,Male,2021-02-20,1
EMP00937,33,Technology,Female,2025-07-21,1
EMP00938,57,Operations,Male,2022-03-04,0
EMP00939,25,Operations,Female,2023-06-22,0
EMP00940,26,Technology,Male,2019-06-21,1
EMP00941,58,Marketing,Male,2019-04-19,0
EMP00942,29,Operations,Female,2021-11-08,0
EMP00943,49,Marketing,Female,2023-01-29,1
EMP00944,52,Operations,Female,2024-09-20,0
EMP00945,30,Operations,Male,2025-02-03,0
EMP00946,50,Sales,Female,2019-08-04,1
EMP00947,35,Sales,Male,2023-04-01,1
EMP00948,43,Operations,Female,2023-03-18,1
EMP00949,32,Finance,Male,2023-11-05,0
EMP00950,44,Technology,Male,2025-03-31,1
EMP00951,22,Technology,Female,2019-07-13,0
EMP00952,58,Marketing,Male,2022-11-24,1
EMP00953,42,Operations,Male,2021-09-15,0
EMP00954,47,Operations,Male,2024-01-03,1
EMP00955,57,Finance,Male,2025-04-13,1
EMP00956,44,Technology,Male,2019-12-24,1
EMP00957,22,Technology,Male,2019-07-12,0
EMP00958,36,Operations,Male,2023-06-23,1
EMP00959,42,Technology,Male,2019-01-26,1
EMP00960,30,Technology,Female,2025-07-30,0
EMP00961,30,Technology,Male,2025-05-29,0
EMP00962,31,Finance,Female,2023-07-19,1
EMP00963,47,Operations,Female,2023-08-06,1
EMP00964,56,Technology,Male,2017-12-04,1
EMP00965,46,Sales,Female,2017-10-23,1
EMP00966,47,Marketing,Female,2021-10-16,0
EMP00967,32,Operations,Other,2020-07-18,1
EMP00968,59,Technology,Female,2023-10-17,0
EMP00969,23,Sales,Male,2022-09-16,1
EMP00970,28,Sales,Female,2025-09-02,0
EMP00971,39,Operations,Female,2021-08-15,0
EMP00972,48,Sales,Female,2023-06-04,0
EMP00973,55,Technology,Male,2020-11-28,1
EMP00974,48,Marketing,Female,2022-09-03,0
EMP00975,38,Operations,Female,2025-03-16,1
EMP00976,45,Technology,Male,2022-12-10,1
EMP00977,46,Operations,Male,2022-08-24,1
EMP00978,28,Technology,Male,2024-08-24,0
EMP00979,27,Marketing,Female,2018-05-16,0
EMP00980,45,Sales,Female,2022-12-10,0
EMP00981,54,Finance,Female,2024-03-06,0
EMP00982,50,Sales,Male,2025-02-05,0
EMP00983,43,Operations,Female,2023-05-04,0
EMP00984,47,Finance,Male,2018-07-21,0
EMP00985,49,Marketing,Male,2025-01-27,1
EMP00986,42,Operations,Female,2025-06-26,0
EMP00987,28,Operations,Other,2019-06-28,0
EMP00988,38,Technology,Female,2024-06-24,0
EMP00989,41,Sales,Female,2019-06-27,0
EMP00990,41,Operations,Male,2024-10-05,0
EMP00991,43,Technology,Male,2022-12-24,1
EMP00992,49,Finance,Female,2022-01-06,1
EMP00993,28,Operations,Female,2024-07-12,0
EMP00994,22,Technology,Male,2021-11-25,0
EMP00995,53,Finance,Male,2024-10-14,0
EMP00996,34,Sales,Male,2018-04-22,0
EMP00997,51,Marketing,Female,2023-12-07,1
EMP00998,44,Technology,Male,2019-10-08,0
EMP00999,40,Technology,Male,2019-09-27,1
EMP01000,53,Finance,Male,2018-12-27,0
EMP01001,51,Operations,Male,2022-09-03,0
EMP01002,50,Operations,Female,2024-01-07,1
EMP01003,50,HR,Male,2024-12-14,1
EMP01004,51,Technology,Female,2020-04-23,0
EMP01005,37,Finance,Female,2021-02-18,1
EMP01006,40,Technology,Female,2025-02-13,0
EMP01007,39,Operations,Male,2023-09-11,0
EMP01008,22,Operations,Female,2024-06-18,0
EMP01009,35,Finance,Female,2021-06-08,1
EMP01010,23,Operations,Other,2021-01-22,0
EMP01011,49,Technology,Female,2022-07-18,0
EMP01012,51,Finance,Male,2019-02-23,0
EMP01013,59,Sales,Male,2020-12-22,0
EMP01014,25,Operations,Male,2022-11-12,0
EMP01015,22,Technology,Male,2023-11-29,0
EMP01016,29,Finance,Male,2022-01-06,0
EMP01017,50,Operations,Male,2022-12-14,1
EMP01018,24,Technology,Male,2019-11-22,0
EMP01019,53,Sales,Male,2018-06-04,0
EMP01020,31,Operations,Male,2022-11-04,0
EMP01021,31,Sales,Male,2020-11-24,1
EMP01022,40,Technology,Male,2019-06-20,0
EMP01023,55,Technology,Male,2020-06-28,0
EMP01024,54,Technology,Male,2024-09-26,0
EMP01025,44,Operations,Male,2017-11-15,0
EMP01026,49,Marketing,Female,2021-11-11,0
EMP01027,53,Technology,Male,2023-11-26,0
EMP01028,28,Sales,Male,2020-07-31,0
EMP01029,50,Sales,Male,2021-11-29,0
EMP01030,29,Technology,Female,2025-06-17,1
EMP01031,22,Sales,Female,2019-12-30,0
EMP01032,24,Sales,Female,2017-10-29,0
EMP01033,45,Sales,Female,2024-07-29,1
EMP01034,44,Finance,Male,2021-08-12,1
EMP01035,29,Technology,Male,2025-07-24,0
EMP01036,58,Marketing,Male,2022-08-18,0
EMP01037,24,Marketing,Female,2021-01-25,0
EMP01038,54,Marketing,Female,2024-02-04,0
EMP01039,49,Finance,Female,2024-08-28,0
EMP01040,29,HR,Male,2022-10-14,0
EMP01041,55,Operations,Female,2018-06-22,1
EMP01042,56,Finance,Male,2022-02-19,0
EMP01043,53,HR,Male,2020-03-04,0
EMP01044,45,Operations,Male,2019-03-15,0
EMP01045,35,Marketing,Female,2023-07-07,0
EMP01046,53,Technology,Male,2021-11-18,1
EMP01047,37,Technology,Female,2018-01-24,0
EMP01048,25,Technology,Male,2022-07-22,0
EMP01049,58,Operations,Female,2021-07-15,0
EMP01050,42,Finance,Male,2021-12-08,0
EMP01051,35,Operations,Male,2023-04-27,0
EMP01052,52,Marketing,Female,2021-05-08,0
EMP01053,39,Sales,Female,2018-05-21,0
EMP01054,28,Technology,Female,2025-01-13,1
EMP01055,31,Finance,Female,2020-01-26,0
EMP01056,28,Marketing,Female,2018-09-05,1
EMP01057,54,Operations,Male,2022-07-13,0
EMP01058,44,Technology,Female,2022-05-11,0
EMP01059,42,HR,Male,2019-02-04,1
EMP01060,40,Finance,Male,2025-04-11,0
EMP01061,40,Marketing,Male,2021-06-03,1
EMP01062,57,Marketing,Female,2024-01-16,1
EMP01063,50,Operations,Female,2018-06-13,0
EMP01064,39,Technology,Male,2021-04-12,1
EMP01065,23,Finance,Female,2024-05-09,0
EMP01066,22,Marketing,Female,2023-03-26,0
EMP01067,26,Operations,Male,2019-11-28,1
EMP01068,41,Operations,Male,2024-02-17,0
EMP01069,32,Sales,Female,2020-05-14,0
EMP01070,23,Technology,Male,2018-03-29,0
EMP01071,24,Operations,Female,2024-08-24,0
EMP01072,44,HR,Male,2021-04-06,0
EMP01073,33,Operations,Male,2020-07-31,0
EMP01074,41,Technology,Female,2024-08-18,0
EMP01075,26,Marketing,Female,2023-01-23,0
EMP01076,58,Operations,Female,2025-02-12,0
EMP01077,59,Operations,Female,2024-04-24,0
EMP01078,51,Sales,Female,2018-05-22,0
EMP01079,30,Finance,Female,2025-01-31,0
EMP01080,55,HR,Male,2025-05-31,1
EMP01081,56,Technology,Male,2025-02-10,0
EMP01082,43,Finance,Male,2019-06-30,1
EMP01083,45,Finance,Female,2025-03-26,0
EMP01084,38,Operations,Male,2022-01-21,1
EMP01085,31,Sales,Female,2025-02-26,1
EMP01086,51,Technology,Male,2021-11-08,0
EMP01087,44,Technology,Female,2019-11-11,0
EMP01088,53,Sales,Female,2023-04-14,1
EMP01089,38,Sales,Male,2020-07-30,1
EMP01090,38,Operations,Female,2018-01-20,0
EMP01091,35,Sales,Male,2022-09-10,1
EMP01092,30,Operations,Male,2018-12-27,0
EMP01093,23,Operations,Female,2020-03-07,0
EMP01094,46,Marketing,Male,2024-08-26,0
EMP01095,30,Operations,Female,2018-03-21,0
EMP01096,43,Operations,Male,2023-06-03,1
EMP01097,25,HR,Male,2021-07-22,0
EMP01098,47,Technology,Female,2024-01-29,0
EMP01099,50,Sales,Male,2024-02-20,0
EMP01100,55,Marketing,Other,2020-02-20,0
EMP01101,44,Operations,Female,2020-06-02,0
EMP01102,58,Sales,Male,2025-05-14,1
EMP01103,32,Operations,Male,2017-12-16,0
EMP01104,27,Finance,Male,2018-05-07,0
EMP01105,39,Technology,Male,2019-07-09,1
EMP01106,42,Operations,Male,2023-01-22,0
EMP01107,57,HR,Male,2020-10-06,0
EMP01108,59,Sales,Male,2021-07-03,0
EMP01109,55,Finance,Male,2017-12-19,1
EMP01110,38,Technology,Female,2018-03-26,1
EMP01111,58,Marketing,Female,2022-01-05,0
EMP01112,46,Sales,Female,2025-08-16,1
EMP01113,59,Sales,Male,2022-02-15,0
EMP01114,33,Operations,Female,2018-03-27,1
EMP01115,44,HR,Male,2025-04-15,1
EMP01116,43,Technology,Female,2020-07-02,0
EMP01117,42,Sales,Other,2022-08-23,0
EMP01118,48,Operations,Male,2019-09-07,1
EMP01119,52,Technology,Female,2021-03-10,1
EMP01120,27,Technology,Female,2020-05-09,0
EMP01121,48,Technology,Female,2022-11-01,0
EMP01122,55,Technology,Female,2019-06-18,0
EMP01123,33,Operations,Male,2023-01-31,0
EMP01124,28,Finance,Male,2023-04-18,1
EMP01125,31,Sales,Male,2019-10-25,1
EMP01126,38,Finance,Female,2019-04-03,0
EMP01127,47,Sales,Male,2020-01-23,1
EMP01128,42,Operations,Female,2017-11-13,0
EMP01129,49,Operations,Male,2018-03-16,1
EMP01130,23,Sales,Male,2021-03-02,0
EMP01131,22,Operations,Male,2021-10-13,0
EMP01132,57,Operations,Female,2022-10-22,1
EMP01133,47,Sales,Male,2025-05-19,0
EMP01134,50,Technology,Male,2025-04-19,0
EMP01135,42,Sales,Male,2023-06-20,0
EMP01136,32,Operations,Male,2020-07-21,0
EMP01137,32,Operations,Male,2017-10-16,0
EMP01138,57,Operations,Female,2024-04-30,0
EMP01139,56,Operations,Male,2020-01-01,0
EMP01140,55,Marketing,Male,2019-07-11,0
EMP01141,45,Operations,Female,2024-07-08,0
EMP01142,43,Operations,Other,2019-04-06,0
EMP01143,26,Sales,Female,2019-08-22,0
EMP01144,54,Marketing,Male,2019-07-02,1
EMP01145,57,Operations,Female,2021-01-01,0
EMP01146,41,Technology,Female,2020-03-27,0
EMP01147,40,Operations,Female,2021-02-01,1
EMP01148,56,Technology,Male,2024-12-31,1
EMP01149,38,HR,Female,2023-06-09,0
EMP01150,55,Operations,Female,2024-05-23,0
EMP01151,30,Technology,Male,2023-10-23,1
EMP01152,47,Technology,Male,2023-11-07,0
EMP01153,23,Sales,Female,2023-01-02,0
EMP01154,30,Operations,Female,2024-10-02,0
EMP01155,30,Technology,Male,2023-05-06,0
EMP01156,38,Operations,Female,2020-04-29,1
EMP01157,22,Technology,Male,2019-07-26,1
EMP01158,46,Operations,Male,2024-03-21,0
EMP01159,46,Operations,Female,2020-10-09,0
EMP01160,56,Sales,Male,2024-11-05,0
EMP01161,24,HR,Male,2018-07-01,1
EMP01162,58,Sales,Female,2019-08-18,0
EMP01163,51,Marketing,Male,2018-10-04,0
EMP01164,59,Technology,Male,2025-07-03,0
EMP01165,55,Technology,Female,2019-04-18,0
EMP01166,33,Technology,Female,2025-01-05,1
EMP01167,40,Sales,Female,2023-08-02,0
EMP01168,58,Technology,Female,2022-05-19,0
EMP01169,38,Marketing,Male,2023-03-25,0
EMP01170,31,Operations,Female,2018-03-25,0
EMP01171,33,Sales,Male,2023-02-23,1
EMP01172,37,Marketing,Female,2018-04-03,0
EMP01173,45,Sales,Male,2022-02-13,1
EMP01174,40,Operations,Female,2021-07-11,0
EMP01175,29,Operations,Male,2023-11-05,1
EMP01176,52,Operations,Male,2019-01-15,1
EMP01177,42,Operations,Female,2020-11-16,1
EMP01178,38,Technology,Female,2023-06-08,0
EMP01179,44,Operations,Female,2023-04-30,0
EMP01180,58,Operations,Male,2017-11-14,0
EMP01181,37,Technology,Male,2025-08-06,0
EMP01182,27,Operations,Female,2017-12-18,0
EMP01183,29,Technology,Female,2024-12-05,0
EMP01184,46,Finance,Female,2021-03-17,0
EMP01185,39,Technology,Female,2024-04-06,0
EMP01186,46,Sales,Female,2024-11-17,0
EMP01187,33,Finance,Female,2024-04-05,1
EMP01188,36,Marketing,Female,2020-06-15,1
EMP01189,47,Sales,Female,2018-05-17,0
EMP01190,47,Sales,Female,2025-02-02,0
EMP01191,53,Operations,Female,2022-05-10,0
EMP01192,31,Technology,Female,2018-06-20,1
EMP01193,37,Sales,Female,2019-11-13,1
EMP01194,28,Operations,Male,2019-03-25,1
EMP01195,38,Operations,Male,2019-07-05,0
EMP01196,44,Sales,Female,2023-01-31,0
EMP01197,47,Operations,Female,2023-04-18,0
EMP01198,42,Operations,Female,2020-02-04,0
EMP01199,43,Operations,Female,2025-08-20,1
EMP01200,28,HR,Female,2024-07-04,1
EMP01201,35,Technology,Male,2020-11-25,0
EMP01202,36,Technology,Female,2018-12-01,0
EMP01203,28,Technology,Female,2018-05-03,0
EMP01204,30,Marketing,Male,2021-06-18,1
EMP01205,29,Technology,Male,2024-02-07,1
EMP01206,44,Marketing,Male,2020-03-08,0
EMP01207,50,Sales,Male,2019-07-01,0
EMP01208,39,Technology,Male,2024-10-15,1
EMP01209,52,Operations,Male,2022-09-16,0
EMP01210,51,Sales,Male,2021-11-04,0
EMP01211,56,Technology,Male,2022-02-18,0
EMP01212,39,Operations,Male,2021-09-06,1
EMP01213,38,Technology,Female,2022-07-30,1
EMP01214,35,Finance,Female,2020-06-20,0
EMP01215,52,Operations,Female,2021-12-11,0
EMP01216,45,Sales,Male,2018-09-06,1
EMP01217,56,Operations,Male,2019-12-02,0
EMP01218,55,HR,Male,2021-06-07,1
EMP01219,24,Sales,Male,2020-07-17,1
EMP01220,58,Technology,Male,2019-08-03,0
EMP01221,47,Technology,Male,2020-08-14,1
EMP01222,44,Operations,Male,2025-08-26,0
EMP01223,36,Sales,Female,2023-10-19,1
EMP01224,25,HR,Male,2022-12-08,0
EMP01225,50,HR,Male,2020-01-30,0
EMP01226,43,Marketing,Female,2021-10-08,0
EMP01227,46,Technology,Male,2017-12-02,0
EMP01228,34,Sales,Male,2021-03-09,0
EMP01229,39,Finance,Female,2023-01-31,1
EMP01230,54,Technology,Female,2019-07-01,0
EMP01231,37,Technology,Female,2018-03-02,0
EMP01232,23,Technology,Male,2024-02-29,0
EMP01233,56,Sales,Male,2021-05-01,0
EMP01234,55,Operations,Male,2024-01-18,0
EMP01235,51,Technology,Male,2024-11-02,1
EMP01236,34,Technology,Female,2024-09-30,1
EMP01237,34,Sales,Female,2020-10-09,0
EMP01238,39,Finance,Male,2019-03-28,1
EMP01239,53,Marketing,Female,2021-01-06,1
EMP01240,53,Sales,Male,2022-01-13,0
EMP01241,56,Operations,Female,2025-04-12,1
EMP01242,50,Marketing,Male,2021-05-11,0
EMP01243,50,Operations,Male,2021-04-10,1
EMP01244,37,Operations,Male,2017-12-09,0
EMP01245,31,Technology,Female,2018-11-17,0
EMP01246,51,Technology,Female,2022-07-05,0
EMP01247,46,Technology,Male,2022-07-31,0
EMP01248,41,Sales,Male,2025-03-15,0
EMP01249,26,Operations,Male,2018-05-29,0
EMP01250,22,Sales,Male,2018-09-03,1
EMP01251,51,Technology,Female,2025-06-24,0
EMP01252,24,Operations,Male,2025-05-08,1
EMP01253,35,HR,Male,2024-05-31,0
EMP01254,51,Technology,Female,2018-11-23,0
EMP01255,25,Sales,Male,2022-01-06,0
EMP01256,39,Sales,Female,2024-10-19,0
EMP01257,58,Operations,Female,2022-10-14,0
EMP01258,46,Technology,Male,2018-11-06,0
EMP01259,22,Technology,Female,2018-02-27,1
EMP01260,36,HR,Female,2023-07-18,1
EMP01261,30,Technology,Male,2024-06-06,1
EMP01262,36,Marketing,Male,2019-01-10,1
EMP01263,45,Sales,Male,2021-09-22,0
EMP01264,25,Sales,Female,2024-01-28,0
EMP01265,33,Operations,Female,2023-06-26,0
EMP01266,58,Marketing,Female,2018-04-29,0
EMP01267,58,Technology,Other,2024-02-04,0
EMP01268,27,Marketing,Female,2021-07-14,0
EMP01269,45,Operations,Female,2024-04-28,0
EMP01270,32,Finance,Male,2021-07-20,1
EMP01271,34,Technology,Male,2020-08-03,0
EMP01272,55,Operations,Male,2021-01-28,0
EMP01273,46,Sales,Female,2022-11-29,0
EMP01274,28,Technology,Male,2024-05-12,0
EMP01275,25,Technology,Male,2021-02-12,0
EMP01276,29,Technology,Male,2023-10-08,1
EMP01277,41,Operations,Male,2022-08-09,0
EMP01278,50,Technology,Female,2021-08-07,0
EMP01279,31,Technology,Male,2018-06-24,1
EMP01280,55,Operations,Female,2023-11-28,1
EMP01281,47,Sales,Male,2018-11-04,0
EMP01282,24,Technology,Female,2019-09-07,0
EMP01283,27,Technology,Male,2019-05-21,0
EMP01284,26,Technology,Male,2022-10-10,0
EMP01285,26,Technology,Female,2025-02-08,0
EMP01286,44,Finance,Male,2017-10-19,1
EMP01287,30,Technology,Male,2025-04-28,0
EMP01288,56,Technology,Male,2022-10-20,0
EMP01289,41,Operations,Male,2022-07-14,1
EMP01290,56,Finance,Male,2024-01-01,1
EMP01291,39,Sales,Male,2021-12-30,1
EMP01292,38,HR,Female,2024-08-07,0
EMP01293,45,Sales,Female,2020-12-03,0
EMP01294,24,Sales,Male,2024-04-22,1
EMP01295,53,HR,Female,2021-12-26,0
EMP01296,56,Sales,Male,2019-01-24,0
EMP01297,59,Operations,Female,2019-05-16,0
EMP01298,34,Technology,Female,2019-02-27,0
EMP01299,46,Operations,Female,2022-09-17,1
EMP01300,30,Technology,Male,2024-02-04,1
EMP01301,25,Operations,Male,2021-03-09,1
EMP01302,35,Marketing,Male,2021-02-11,1
EMP01303,58,Operations,Male,2018-08-06,0
EMP01304,55,Technology,Male,2019-10-25,0
EMP01305,32,Marketing,Male,2019-09-27,0
EMP01306,24,HR,Male,2020-06-17,0
EMP01307,49,Finance,Male,2023-09-25,1
EMP01308,50,HR,Female,2024-02-13,0
EMP01309,30,HR,Female,2018-12-31,0
EMP01310,24,Sales,Female,2024-09-12,0
EMP01311,46,Sales,Male,2021-11-16,0
EMP01312,55,Sales,Female,2020-08-11,0
EMP01313,33,Technology,Female,2023-09-04,1
EMP01314,30,Operations,Male,2024-01-06,1
EMP01315,36,Finance,Male,2021-04-08,0
EMP01316,46,Operations,Female,2023-01-03,0
EMP01317,26,Technology,Male,2021-05-24,0
EMP01318,32,Operations,Male,2023-10-22,1
EMP01319,55,Operations,Male,2018-11-10,0
EMP01320,45,Finance,Male,2020-02-03,0
EMP01321,36,Marketing,Female,2022-07-02,1
EMP01322,59,Sales,Female,2024-06-04,0
EMP01323,29,Operations,Male,2024-08-19,0
EMP01324,26,HR,Male,2017-11-29,0
EMP01325,47,Technology,Female,2019-08-22,0
EMP01326,39,Sales,Female,2025-07-29,0
EMP01327,27,Operations,Male,2020-08-05,1
EMP01328,58,Operations,Female,2024-07-03,0
EMP01329,34,Operations,Male,2025-03-05,0
EMP01330,49,Marketing,Male,2021-03-12,0
EMP01331,26,Technology,Female,2023-09-17,0
EMP01332,34,Technology,Male,2025-03-06,0
EMP01333,38,Technology,Female,2022-01-09,0
EMP01334,53,Technology,Female,2019-02-17,0
EMP01335,50,Sales,Female,2023-04-16,0
EMP01336,24,Technology,Male,2018-11-18,0
EMP01337,55,Sales,Male,2019-02-24,1
EMP01338,48,Operations,Male,2025-02-20,0
EMP01339,34,Sales,Male,2018-08-09,0
EMP01340,54,Operations,Female,2025-09-01,1
EMP01341,27,Marketing,Female,2019-09-13,0
EMP01342,45,Technology,Female,2022-06-02,1
EMP01343,40,Sales,Female,2019-06-11,0
EMP01344,37,Technology,Female,2023-09-06,1
EMP01345,49,Sales,Male,2023-07-12,0
EMP01346,54,Finance,Male,2025-05-13,0
EMP01347,34,Technology,Female,2024-11-07,1
EMP01348,46,Technology,Male,2019-01-21,1
EMP01349,57,Sales,Male,2024-07-17,0
EMP01350,48,Operations,Male,2022-11-13,0
EMP01351,59,Operations,Female,2023-05-05,0
EMP01352,28,Finance,Male,2019-12-26,0
EMP01353,26,Technology,Female,2019-08-23,0
EMP01354,52,Operations,Female,2025-01-14,0
EMP01355,44,Operations,Male,2023-02-01,0
EMP01356,31,Marketing,Male,2023-09-16,0
EMP01357,53,Operations,Male,2022-08-21,0
EMP01358,51,Sales,Female,2022-01-23,1
EMP01359,52,Operations,Female,2024-11-26,0
EMP01360,39,Operations,Female,2018-08-16,0
EMP01361,57,Technology,Female,2020-04-25,0
EMP01362,23,Sales,Male,2018-03-01,1
EMP01363,35,Operations,Male,2017-12-28,0
EMP01364,34,Technology,Female,2019-05-23,1
EMP01365,50,HR,Male,2024-03-22,0
EMP01366,33,Operations,Male,2021-09-06,0
EMP01367,23,Marketing,Male,2022-02-16,0
EMP01368,53,Technology,Male,2021-05-20,0
EMP01369,34,Marketing,Male,2020-09-27,1
EMP01370,48,Technology,Male,2020-09-25,0
EMP01371,38,HR,Male,2022-07-17,0
EMP01372,52,Technology,Male,2024-11-14,0
EMP01373,55,Marketing,Female,2025-03-24,1
EMP01374,45,HR,Female,2021-02-09,0
EMP01375,56,Finance,Male,2023-10-12,0
EMP01376,27,Marketing,Female,2019-10-10,0
EMP01377,40,HR,Male,2022-02-21,1
EMP01378,51,Finance,Male,2018-03-17,1
EMP01379,28,Technology,Female,2019-01-25,0
EMP01380,31,Marketing,Female,2024-12-27,0
EMP01381,53,Technology,Female,2020-10-25,0
EMP01382,55,Operations,Male,2023-07-06,0
EMP01383,49,Technology,Male,2018-12-27,0
EMP01384,36,Sales,Female,2025-03-10,0
EMP01385,51,Finance,Male,2022-10-10,0
EMP01386,58,Sales,Male,2017-11-06,1
EMP01387,50,Technology,Female,2022-05-16,1
EMP01388,43,Marketing,Female,2021-03-24,0
EMP01389,25,Marketing,Female,2024-01-05,0
EMP01390,41,Finance,Male,2024-01-29,0
EMP01391,53,Sales,Female,2022-07-20,0
EMP01392,57,Marketing,Male,2021-10-09,0
EMP01393,25,Sales,Male,2022-10-09,0
EMP01394,48,Finance,Female,2021-05-22,1
EMP01395,38,Marketing,Male,2019-12-06,0
EMP01396,33,HR,Male,2023-03-28,0
EMP01397,43,Technology,Female,2024-02-08,0
EMP01398,38,Technology,Male,2021-11-28,0
EMP01399,31,Technology,Male,2024-02-02,0
EMP01400,22,Technology,Male,2024-04-28,0
EMP01401,43,Sales,Male,2020-07-16,1
EMP01402,47,Marketing,Male,2019-11-23,0
EMP01403,39,Technology,Female,2022-10-23,1
EMP01404,35,Operations,Female,2017-10-29,0
EMP01405,50,Technology,Male,2020-05-15,0
EMP01406,33,Operations,Female,2018-06-19,1
EMP01407,57,Marketing,Male,2023-07-07,0
EMP01408,56,Sales,Male,2019-10-05,1
EMP01409,33,Technology,Female,2022-10-01,1
EMP01410,28,Marketing,Male,2024-12-08,0
EMP01411,50,Sales,Other,2019-02-04,0
EMP01412,32,Operations,Male,2023-08-17,0
EMP01413,54,HR,Female,2018-11-05,0
EMP01414,27,Operations,Male,2024-06-10,0
EMP01415,36,Technology,Male,2019-09-19,1
EMP01416,53,Finance,Male,2025-06-28,1
EMP01417,32,Marketing,Female,2019-01-15,0
EMP01418,44,Finance,Male,2023-07-27,0
EMP01419,47,Technology,Female,2021-03-04,0
EMP01420,55,Finance,Male,2022-02-22,0
EMP01421,55,Sales,Male,2023-05-13,0
EMP01422,50,Finance,Male,2022-03-10,0
EMP01423,25,Sales,Female,2025-08-31,0
EMP01424,38,Operations,Female,2020-07-25,1
EMP01425,56,Technology,Male,2024-11-17,1
EMP01426,34,Operations,Female,2021-08-31,0
EMP01427,36,Operations,Male,2022-05-11,1
EMP01428,50,Operations,Female,2018-04-22,0
EMP01429,50,HR,Female,2018-12-04,1
EMP01430,32,Sales,Male,2023-10-19,0
EMP01431,53,Operations,Male,2022-01-03,0
EMP01432,23,Technology,Other,2024-07-29,1
EMP01433,35,HR,Female,2020-11-15,0
EMP01434,41,Finance,Female,2019-03-31,0
EMP01435,43,Finance,Male,2018-07-08,0
EMP01436,32,Technology,Male,2023-02-20,0
EMP01437,48,Finance,Male,2022-06-25,0
EMP01438,24,Operations,Female,2020-09-15,0
EMP01439,38,Technology,Female,2021-06-12,1
EMP01440,49,Operations,Male,2023-05-29,0
EMP01441,50,Technology,Male,2021-05-18,0
EMP01442,42,Sales,Male,2022-02-13,0
EMP01443,37,Technology,Male,2020-01-04,1
EMP01444,58,Technology,Male,2020-05-25,0
EMP01445,41,Operations,Male,2022-02-23,1
EMP01446,27,Sales,Male,2024-09-02,1
EMP01447,40,Sales,Male,2020-02-27,0
EMP01448,26,Technology,Male,2022-07-20,1
EMP01449,24,Marketing,Male,2020-03-08,1
EMP01450,22,Marketing,Male,2023-10-09,0
EMP01451,59,Sales,Male,2018-12-11,1
EMP01452,36,Sales,Male,2018-08-10,0
EMP01453,55,Operations,Male,2017-12-07,0
EMP01454,56,Sales,Male,2024-07-25,1
EMP01455,46,Sales,Female,2021-10-15,1
EMP01456,45,Technology,Female,2020-01-20,0
EMP01457,33,Operations,Female,2024-09-04,0
EMP01458,39,Sales,Male,2025-07-30,0
EMP01459,36,HR,Female,2018-05-22,0
EMP01460,37,Technology,Female,2025-06-10,1
EMP01461,48,Operations,Male,2017-10-19,0
EMP01462,29,Technology,Male,2023-11-24,1
EMP01463,46,Operations,Female,2024-09-13,0
EMP01464,38,Sales,Male,2023-09-12,0
EMP01465,50,Technology,Male,2023-01-31,1
EMP01466,29,Operations,Female,2024-11-20,0
EMP01467,36,Sales,Female,2019-11-16,0
EMP01468,48,Operations,Male,2023-07-15,0
EMP01469,28,Operations,Male,2025-06-06,0
EMP01470,24,Operations,Male,2021-03-04,0
EMP01471,50,Technology,Female,2018-07-10,0
EMP01472,45,Operations,Male,2024-10-19,0
EMP01473,24,Sales,Male,2021-05-19,0
EMP01474,41,Operations,Female,2023-01-19,1
EMP01475,36,Marketing,Male,2019-02-24,0
EMP01476,46,Operations,Female,2020-06-26,0
EMP01477,51,Sales,Male,2025-04-09,0
EMP01478,35,HR,Male,2024-03-16,0
EMP01479,28,Technology,Female,2023-04-03,1
EMP01480,38,Operations,Male,2025-06-11,1
EMP01481,41,Sales,Male,2020-02-15,0
EMP01482,57,HR,Male,2019-09-18,1
EMP01483,30,Operations,Female,2025-05-01,1
EMP01484,59,Marketing,Female,2018-03-01,1
EMP01485,43,Technology,Other,2023-05-04,1
EMP01486,23,Marketing,Male,2024-11-29,0
EMP01487,45,Sales,Male,2020-12-22,0
EMP01488,29,Sales,Male,2023-12-18,0
EMP01489,32,Technology,Female,2018-02-22,0
EMP01490,34,Technology,Male,2023-12-26,1
EMP01491,38,Technology,Female,2019-06-21,1
EMP01492,29,Finance,Male,2018-11-08,1
EMP01493,42,Technology,Other,2018-11-19,0
EMP01494,39,Sales,Female,2023-08-02,1
EMP01495,51,Operations,Female,2023-04-11,0
EMP01496,39,Technology,Male,2024-09-18,1
EMP01497,52,HR,Male,2024-05-25,0
EMP01498,59,Operations,Male,2020-02-25,1
EMP01499,53,Operations,Male,2019-09-03,1
EMP01500,32,Finance,Male,2022-01-02,0
EMP01501,46,Finance,Male,2025-03-16,0
EMP01502,54,Operations,Male,2023-09-25,0
EMP01503,59,Sales,Female,2019-07-16,0
EMP01504,29,Operations,Female,2018-07-21,1
EMP01505,32,Technology,Male,2023-02-10,1
EMP01506,43,Operations,Female,2024-09-08,0
EMP01507,45,Sales,Male,2018-04-13,0
EMP01508,38,Marketing,Male,2023-07-19,0
EMP01509,33,Technology,Male,2025-01-28,0
EMP01510,53,Finance,Female,2018-03-17,0
EMP01511,36,Technology,Male,2022-09-14,1
EMP01512,37,Operations,Male,2021-12-07,1
EMP01513,43,Operations,Female,2018-09-28,0
EMP01514,49,Technology,Male,2019-07-28,0
EMP01515,41,Operations,Female,2021-07-19,0
EMP01516,54,Operations,Female,2021-03-01,0
EMP01517,31,Marketing,Other,2025-08-18,0
EMP01518,53,Sales,Male,2018-05-12,0
EMP01519,54,Technology,Male,2020-04-06,1
EMP01520,23,Technology,Male,2021-10-29,0
EMP01521,54,Sales,Male,2018-01-11,0
EMP01522,54,Operations,Male,2018-03-11,0
EMP01523,34,Technology,Male,2018-08-19,1
EMP01524,51,Operations,Female,2021-08-25,0
EMP01525,54,Sales,Female,2022-05-18,0
EMP01526,34,HR,Male,2018-08-24,0
EMP01527,47,Operations,Male,2020-03-11,0
EMP01528,43,Operations,Male,2019-01-17,0
EMP01529,23,Sales,Male,2023-06-14,0
EMP01530,59,Sales,Female,2024-02-05,1
EMP01531,47,Sales,Female,2019-01-18,1
EMP01532,36,Technology,Female,2023-10-25,1
EMP01533,55,Technology,Female,2021-03-22,1
EMP01534,32,Sales,Male,2020-03-15,0
EMP01535,24,Sales,Female,2024-07-10,0
EMP01536,27,Finance,Male,2020-08-20,1
EMP01537,30,Sales,Female,2021-03-28,1
EMP01538,27,Sales,Male,2021-07-17,0
EMP01539,30,Sales,Male,2019-04-01,1
EMP01540,52,Finance,Male,2018-08-11,0
EMP01541,53,Operations,Male,2022-09-25,1
EMP01542,33,HR,Female,2024-03-05,1
EMP01543,29,Operations,Male,2025-01-31,0
EMP01544,29,Technology,Male,2022-02-27,0
EMP01545,49,HR,Male,2022-06-26,0
EMP01546,41,Sales,Female,2022-11-26,1
EMP01547,28,Sales,Male,2019-12-17,0
EMP01548,32,Finance,Female,2020-09-09,0
EMP01549,41,Operations,Female,2025-02-11,1
EMP01550,37,Technology,Female,2020-09-07,1
EMP01551,25,Marketing,Female,2018-03-17,1
EMP01552,27,Marketing,Male,2024-02-20,0
EMP01553,43,Technology,Male,2025-04-08,1
EMP01554,47,Technology,Female,2021-09-19,0
EMP01555,24,Sales,Male,2025-09-10,1
EMP01556,35,Technology,Male,2019-09-04,1
EMP01557,32,Technology,Female,2021-10-11,1
EMP01558,39,Technology,Male,2018-01-19,0
EMP01559,33,Sales,Female,2020-08-10,1
EMP01560,44,Finance,Male,2021-07-03,0
EMP01561,33,Marketing,Female,2021-02-07,0
EMP01562,34,Operations,Male,2021-06-05,0
EMP01563,46,Sales,Female,2022-11-07,0
EMP01564,40,Operations,Male,2020-12-27,0
EMP01565,57,Operations,Male,2024-07-05,0
EMP01566,29,Finance,Female,2023-10-09,0
EMP01567,50,Sales,Male,2023-06-28,1
EMP01568,53,Operations,Male,2019-11-03,1
EMP01569,39,Technology,Male,2018-02-03,0
EMP01570,27,Sales,Female,2024-07-25,0
EMP01571,39,HR,Male,2022-08-26,1
EMP01572,40,Marketing,Female,2021-06-12,0
EMP01573,43,Technology,Male,2018-05-17,0
EMP01574,58,Operations,Male,2023-05-28,1
EMP01575,53,Finance,Female,2021-07-01,0
EMP01576,24,Sales,Female,2022-08-21,0
EMP01577,49,Operations,Female,2021-01-25,0
EMP01578,31,Sales,Other,2020-04-01,1
EMP01579,56,Operations,Male,2018-01-07,0
EMP01580,50,HR,Male,2024-12-21,0
EMP01581,36,Technology,Male,2020-10-13,0
EMP01582,54,Operations,Female,2019-08-11,0
EMP01583,28,Finance,Female,2020-06-02,0
EMP01584,33,Operations,Male,2019-11-02,1
EMP01585,51,Operations,Male,2024-03-27,1
EMP01586,42,Operations,Male,2019-01-31,0
EMP01587,52,Marketing,Female,2025-06-06,0
EMP01588,45,Operations,Male,2024-03-28,1
EMP01589,41,Finance,Male,2019-02-26,0
EMP01590,58,Sales,Male,2023-09-12,1
EMP01591,25,Operations,Female,2019-04-04,0
EMP01592,49,Technology,Female,2022-03-14,1
EMP01593,41,Finance,Female,2020-08-05,1
EMP01594,45,Operations,Male,2022-10-01,0
EMP01595,53,Finance,Male,2024-10-26,0
EMP01596,57,Finance,Female,2021-07-10,0
EMP01597,55,Operations,Female,2022-07-25,0
EMP01598,57,Sales,Male,2024-02-10,0
EMP01599,23,Operations,Male,2023-08-03,0
EMP01600,36,Technology,Male,2024-04-02,0
EMP01601,55,Technology,Male,2018-02-10,0
EMP01602,57,Technology,Female,2021-06-18,1
EMP01603,27,HR,Male,2021-07-27,1
EMP01604,33,HR,Male,2018-06-04,0
EMP01605,24,Operations,Male,2024-01-14,1
EMP01606,39,Sales,Male,2020-09-16,1
EMP01607,42,Sales,Male,2023-01-06,0
EMP01608,36,Technology,Male,2019-11-08,0
EMP01609,54,Sales,Male,2019-04-04,0
EMP01610,56,Marketing,Female,2019-10-15,0
EMP01611,47,Technology,Male,2017-12-08,0
EMP01612,29,Technology,Male,2021-04-21,0
EMP01613,57,Technology,Female,2021-07-28,0
EMP01614,51,Technology,Female,2018-11-15,0
EMP01615,44,Sales,Female,2024-04-20,0
EMP01616,35,Technology,Male,2018-09-13,1
EMP01617,35,Finance,Male,2023-03-22,0
EMP01618,23,Operations,Male,2023-10-08,1
EMP01619,58,HR,Male,2019-04-06,0
EMP01620,26,Operations,Male,2018-03-08,0
EMP01621,59,Sales,Female,2018-03-07,0
EMP01622,35,HR,Male,2020-06-05,0
EMP01623,46,Operations,Male,2024-03-13,1
EMP01624,41,Technology,Female,2023-01-29,0
EMP01625,23,Operations,Male,2019-02-24,0
EMP01626,27,Technology,Female,2022-10-12,1
EMP01627,38,Sales,Female,2023-04-18,1
EMP01628,46,Technology,Female,2023-07-24,0
EMP01629,49,Finance,Other,2019-05-26,0
EMP01630,23,Marketing,Male,2023-01-16,1
EMP01631,56,Finance,Male,2023-07-15,1
EMP01632,58,Sales,Female,2025-08-12,1
EMP01633,26,Sales,Female,2021-04-28,0
EMP01634,22,Technology,Male,2020-11-11,0
EMP01635,33,Sales,Female,2024-10-09,0
EMP01636,57,Operations,Male,2021-06-09,0
EMP01637,44,Sales,Female,2022-08-21,0
EMP01638,52,Operations,Male,2020-02-14,0
EMP01639,32,Operations,Male,2020-11-08,0
EMP01640,31,Sales,Female,2024-02-18,0
EMP01641,24,Marketing,Male,2024-07-19,1
EMP01642,35,Technology,Male,2020-06-09,0
EMP01643,37,Technology,Male,2019-12-24,1
EMP01644,31,Technology,Female,2018-09-13,0
EMP01645,50,Marketing,Female,2022-01-14,1
EMP01646,31,Sales,Female,2019-09-21,0
EMP01647,33,HR,Female,2020-03-03,0
EMP01648,51,HR,Female,2022-06-22,0
EMP01649,22,Sales,Male,2022-07-19,0
EMP01650,26,Finance,Male,2018-05-27,1
EMP01651,41,Operations,Female,2024-11-29,1
EMP01652,29,Technology,Male,2020-06-02,0
EMP01653,33,Technology,Male,2023-07-28,0
EMP01654,22,Finance,Male,2023-05-28,0
EMP01655,41,Sales,Male,2019-08-21,0
EMP01656,49,Finance,Female,2017-10-26,0
EMP01657,58,Sales,Male,2021-12-16,0
EMP01658,58,Sales,Female,2022-07-04,0
EMP01659,33,Technology,Male,2020-05-23,0
EMP01660,58,Technology,Male,2023-04-30,0
EMP01661,49,Marketing,Male,2022-08-12,0
EMP01662,36,Sales,Female,2021-05-30,0
EMP01663,27,Operations,Female,2018-01-17,1
EMP01664,41,Operations,Female,2018-11-27,0
EMP01665,35,HR,Female,2018-03-09,0
EMP01666,23,Operations,Female,2018-06-23,0
EMP01667,30,Sales,Female,2021-03-22,0
EMP01668,58,Sales,Female,2020-07-08,1
EMP01669,41,Finance,Female,2021-12-11,0
EMP01670,47,Sales,Male,2025-05-02,0
EMP01671,50,Marketing,Male,2019-05-16,1
EMP01672,22,Technology,Female,2018-09-24,0
EMP01673,56,Marketing,Female,2022-06-09,0
EMP01674,27,Operations,Male,2018-01-23,0
EMP01675,58,Operations,Female,2020-08-19,0
EMP01676,26,Finance,Female,2020-08-26,1
EMP01677,54,Finance,Male,2018-10-26,1
EMP01678,35,Marketing,Female,2020-08-14,1
EMP01679,33,Marketing,Male,2022-09-21,1
EMP01680,41,Technology,Male,2022-07-30,1
EMP01681,45,Sales,Male,2020-12-24,0
EMP01682,55,Sales,Male,2018-04-20,1
EMP01683,46,Operations,Female,2024-03-05,0
EMP01684,50,Sales,Male,2020-10-06,0
EMP01685,52,HR,Male,2024-04-11,1
EMP01686,44,HR,Male,2019-09-09,1
EMP01687,59,Marketing,Male,2021-06-15,0
EMP01688,41,Finance,Male,2023-11-13,0
EMP01689,44,Technology,Female,2020-01-23,0
EMP01690,37,HR,Male,2022-10-19,1
EMP01691,29,Operations,Female,2018-09-08,1
EMP01692,42,Sales,Female,2023-09-26,0
EMP01693,22,Technology,Male,2020-12-29,1
EMP01694,29,Finance,Female,2019-09-24,0
EMP01695,50,Operations,Male,2023-11-26,0
EMP01696,53,Technology,Male,2021-04-25,0
EMP01697,59,Operations,Male,2023-11-13,0
EMP01698,26,Operations,Male,2023-01-25,0
EMP01699,43,Sales,Male,2017-12-08,0
EMP01700,55,Operations,Female,2019-11-22,0
EMP01701,22,Operations,Male,2018-12-26,0
EMP01702,47,Operations,Female,2018-03-23,0
EMP01703,31,Finance,Male,2018-10-21,0
EMP01704,51,Technology,Female,2018-11-16,0
EMP01705,39,Technology,Male,2023-06-20,1
EMP01706,38,Sales,Male,2024-12-01,1
EMP01707,47,Technology,Male,2022-04-19,1
EMP01708,29,Sales,Male,2018-04-06,0
EMP01709,33,Operations,Male,2019-02-02,0
EMP01710,48,Operations,Female,2018-12-21,1
EMP01711,29,Marketing,Male,2019-11-02,0
EMP01712,46,Operations,Female,2020-12-30,1
EMP01713,25,Operations,Female,2020-03-09,0
EMP01714,54,Sales,Female,2024-10-29,0
EMP01715,22,Technology,Male,2018-12-03,0
EMP01716,40,HR,Male,2022-07-26,0
EMP01717,52,Finance,Female,2020-07-21,0
EMP01718,37,Sales,Female,2024-09-07,0
EMP01719,35,Finance,Male,2019-09-30,0
EMP01720,26,Technology,Male,2023-06-04,1
EMP01721,47,Finance,Male,2019-05-21,0
EMP01722,49,Operations,Female,2024-08-24,1
EMP01723,23,Finance,Female,2018-11-08,1
EMP01724,27,Operations,Male,2024-07-01,1
EMP01725,30,Operations,Female,2022-01-08,1
EMP01726,54,Operations,Female,2020-04-16,0
EMP01727,46,Operations,Male,2022-02-23,0
EMP01728,34,Operations,Female,2022-03-06,0
EMP01729,30,Finance,Female,2020-01-26,0
EMP01730,34,Technology,Male,2019-06-21,0
EMP01731,52,Sales,Female,2022-03-10,0
EMP01732,32,Marketing,Male,2018-12-24,0
EMP01733,25,Sales,Male,2020-08-31,0
EMP01734,55,Sales,Male,2025-03-22,0
EMP01735,59,Operations,Male,2022-05-09,0
EMP01736,25,Operations,Male,2021-10-17,0
EMP01737,59,Operations,Male,2025-01-14,0
EMP01738,40,Sales,Female,2025-09-05,0
EMP01739,27,Technology,Male,2018-03-05,0
EMP01740,55,Technology,Female,2022-07-22,1
EMP01741,39,Sales,Male,2025-02-13,1
EMP01742,34,Technology,Female,2025-09-21,0
EMP01743,44,Technology,Female,2022-04-13,0
EMP01744,40,Operations,Male,2023-05-24,0
EMP01745,32,Finance,Female,2021-08-27,0
EMP01746,22,Sales,Male,2025-02-08,0
EMP01747,45,Technology,Female,2021-02-19,0
EMP01748,28,HR,Male,2024-05-13,1
EMP01749,46,Technology,Female,2018-09-12,0
EMP01750,42,Operations,Female,2018-03-15,0
EMP01751,36,Sales,Male,2020-07-26,0
EMP01752,22,Sales,Male,2020-03-18,0
EMP01753,33,Sales,Female,2022-07-19,0
EMP01754,28,Technology,Male,2022-03-04,1
EMP01755,36,Marketing,Male,2019-04-30,0
EMP01756,42,Finance,Male,2022-10-13,0
EMP01757,40,Finance,Male,2023-10-10,1
EMP01758,50,Technology,Other,2023-02-19,0
EMP01759,46,Marketing,Male,2018-05-08,0
EMP01760,54,Marketing,Male,2018-04-02,1
EMP01761,53,Operations,Female,2023-05-08,0
EMP01762,56,Sales,Female,2022-10-19,0
EMP01763,59,Sales,Male,2025-06-22,0
EMP01764,47,Marketing,Male,2024-03-13,0
EMP01765,32,Marketing,Female,2020-11-13,0
EMP01766,56,Sales,Female,2019-07-17,0
EMP01767,29,Sales,Male,2024-07-15,0
EMP01768,35,Sales,Male,2023-05-26,1
EMP01769,31,Operations,Male,2018-09-25,0
EMP01770,23,Sales,Male,2017-11-01,1
EMP01771,30,Operations,Male,2018-05-05,1
EMP01772,24,HR,Female,2025-03-03,0
EMP01773,42,Operations,Male,2019-01-30,0
EMP01774,47,Operations,Female,2022-09-20,0
EMP01775,29,Sales,Male,2025-07-09,1
EMP01776,23,Operations,Female,2023-07-01,0
EMP01777,27,Technology,Female,2023-08-18,0
EMP01778,49,Operations,Male,2019-01-01,1
EMP01779,50,Marketing,Male,2025-06-10,0
EMP01780,47,Technology,Male,2018-08-13,1
EMP01781,46,Marketing,Female,2017-11-11,0
EMP01782,33,Operations,Female,2019-11-19,0
EMP01783,26,Technology,Male,2020-12-12,0
EMP01784,55,Marketing,Male,2021-09-19,1
EMP01785,58,Finance,Male,2018-08-24,1
EMP01786,36,Operations,Female,2025-01-22,1
EMP01787,57,Sales,Male,2018-07-17,1
EMP01788,36,Technology,Male,2021-11-18,0
EMP01789,44,Technology,Male,2023-01-16,0
EMP01790,27,Marketing,Male,2018-02-28,1
EMP01791,42,Sales,Female,2020-12-22,0
EMP01792,44,Operations,Male,2025-05-05,0
EMP01793,37,Technology,Female,2023-04-15,0
EMP01794,36,Finance,Male,2021-12-02,0
EMP01795,46,Technology,Male,2019-02-28,1
EMP01796,57,Technology,Female,2024-03-28,0
EMP01797,32,Sales,Other,2019-09-16,1
EMP01798,36,Sales,Female,2021-09-15,1
EMP01799,25,Finance,Male,2018-05-03,0
EMP01800,42,Operations,Male,2023-08-23,1
EMP01801,34,Marketing,Female,2024-01-09,1
EMP01802,43,Operations,Male,2023-12-08,0
EMP01803,40,Operations,Male,2018-11-22,1
EMP01804,55,Marketing,Female,2018-02-24,0
EMP01805,35,Operations,Female,2022-04-25,0
EMP01806,25,Marketing,Other,2025-08-12,0
EMP01807,48,Technology,Female,2019-05-27,1
EMP01808,50,Finance,Female,2022-12-02,0
EMP01809,49,Technology,Male,2021-03-08,0
EMP01810,56,Marketing,Male,2022-03-12,1
EMP01811,29,Finance,Female,2024-02-06,0
EMP01812,37,Technology,Male,2022-12-16,1
EMP01813,57,Technology,Male,2019-08-22,0
EMP01814,51,Operations,Male,2019-12-14,0
EMP01815,39,Marketing,Male,2023-02-09,1
EMP01816,23,Technology,Female,2024-03-12,0
EMP01817,34,Finance,Male,2022-02-01,0
EMP01818,25,Marketing,Male,2022-02-19,1
EMP01819,47,HR,Male,2020-09-28,1
EMP01820,46,Operations,Female,2021-06-26,0
EMP01821,51,Finance,Male,2023-05-28,0
EMP01822,32,Sales,Male,2022-03-25,0
EMP01823,28,Operations,Female,2018-06-21,0
EMP01824,52,Operations,Male,2021-07-13,1
EMP01825,31,Technology,Male,2020-10-05,0
EMP01826,34,Technology,Male,2020-12-17,0
EMP01827,52,Technology,Male,2024-01-27,0
EMP01828,28,Finance,Female,2017-11-07,0
EMP01829,57,Marketing,Male,2021-08-29,0
EMP01830,41,Marketing,Female,2022-03-09,0
EMP01831,25,Operations,Male,2023-09-09,0
EMP01832,28,Operations,Male,2024-03-15,0
EMP01833,22,Technology,Female,2019-12-13,0
EMP01834,34,Sales,Male,2023-02-25,0
EMP01835,43,Sales,Male,2019-06-11,1
EMP01836,42,Sales,Male,2022-04-03,0
EMP01837,43,Finance,Male,2023-02-27,1
EMP01838,49,Operations,Female,2021-04-27,0
EMP01839,30,Sales,Male,2019-09-11,1
EMP01840,47,Marketing,Female,2018-02-10,0
EMP01841,30,Operations,Female,2021-01-02,1
EMP01842,36,Sales,Male,2023-01-13,0
EMP01843,31,Technology,Male,2021-05-20,0
EMP01844,45,Sales,Male,2022-01-26,1
EMP01845,29,Technology,Female,2020-08-06,1
EMP01846,45,Operations,Male,2023-12-02,0
EMP01847,37,Technology,Female,2025-08-22,0
EMP01848,47,Sales,Male,2020-10-03,1
EMP01849,48,HR,Female,2018-08-06,0
EMP01850,58,Operations,Male,2019-12-04,0
EMP01851,25,Technology,Female,2020-07-22,1
EMP01852,45,Technology,Male,2017-11-12,0
EMP01853,40,Technology,Male,2022-07-25,0
EMP01854,57,Technology,Male,2025-07-25,1
EMP01855,31,Technology,Male,2021-07-03,1
EMP01856,46,Marketing,Other,2024-12-26,1
EMP01857,39,Technology,Male,2019-06-14,0
EMP01858,40,Technology,Male,2022-06-12,0
EMP01859,57,Operations,Female,2018-05-28,1
EMP01860,31,Sales,Male,2020-10-13,0
EMP01861,54,Sales,Male,2018-03-12,0
EMP01862,26,Sales,Female,2018-04-24,1
EMP01863,56,Operations,Male,2022-07-27,0
EMP01864,55,Technology,Female,2022-08-25,1
EMP01865,54,Operations,Male,2024-11-18,0
EMP01866,42,Operations,Male,2022-02-16,0
EMP01867,38,Technology,Female,2020-12-13,1
EMP01868,43,Operations,Female,2018-10-08,1
EMP01869,58,Technology,Male,2024-10-21,0
EMP01870,36,Technology,Female,2018-07-16,0
EMP01871,56,Operations,Male,2025-09-14,0
EMP01872,49,Finance,Male,2025-08-06,0
EMP01873,28,Marketing,Female,2021-08-05,0
EMP01874,53,Technology,Male,2018-06-02,1
EMP01875,32,Sales,Male,2022-01-18,1
EMP01876,31,Operations,Female,2023-09-24,0
EMP01877,30,Sales,Female,2023-07-22,0
EMP01878,35,Sales,Male,2021-03-20,0
EMP01879,34,Technology,Male,2025-05-14,0
EMP01880,46,Technology,Female,2019-11-24,1
EMP01881,23,Operations,Female,2019-12-20,0
EMP01882,56,Sales,Female,2024-09-13,0
EMP01883,28,Operations,Male,2019-03-03,1
EMP01884,42,Sales,Male,2024-12-27,0
EMP01885,39,Finance,Male,2021-08-09,0
EMP01886,24,Technology,Female,2019-10-27,0
EMP01887,32,Sales,Female,2025-07-10,0
EMP01888,45,Technology,Female,2020-05-16,0
EMP01889,40,Sales,Other,2021-03-02,0
EMP01890,25,HR,Male,2024-10-30,0
EMP01891,47,Operations,Male,2019-10-16,0
EMP01892,59,Finance,Male,2025-08-14,0
EMP01893,53,Technology,Male,2022-06-21,1
EMP01894,57,Technology,Male,2018-05-14,1
EMP01895,58,Technology,Male,2019-05-12,0
EMP01896,54,Marketing,Female,2018-01-13,0
EMP01897,57,Operations,Female,2018-11-03,0
EMP01898,24,Operations,Male,2020-02-06,1
EMP01899,30,Technology,Male,2025-09-11,0
EMP01900,29,HR,Male,2023-03-15,0
EMP01901,54,Sales,Female,2020-09-07,0
EMP01902,27,Finance,Female,2022-05-10,0
EMP01903,25,Marketing,Female,2022-05-28,0
EMP01904,34,Finance,Male,2023-12-11,0
EMP01905,23,Finance,Male,2021-01-24,0
EMP01906,26,Technology,Male,2024-01-12,0
EMP01907,48,Operations,Female,2020-05-10,0
EMP01908,53,Technology,Female,2021-03-23,1
EMP01909,42,Finance,Female,2019-08-03,1
EMP01910,29,Sales,Male,2024-08-03,0
EMP01911,59,HR,Female,2023-11-30,0
EMP01912,29,Operations,Female,2020-11-10,0
EMP01913,24,Operations,Male,2021-12-14,0
EMP01914,24,Operations,Male,2025-04-29,0
EMP01915,43,HR,Female,2020-02-17,1
EMP01916,27,Finance,Male,2021-12-05,0
EMP01917,23,HR,Female,2019-02-16,1
EMP01918,44,Operations,Other,2021-01-02,0
EMP01919,23,Sales,Female,2024-08-18,0
EMP01920,59,Operations,Female,2018-06-19,0
EMP01921,38,Operations,Female,2021-07-31,1
EMP01922,56,Finance,Female,2020-03-02,0
EMP01923,55,Technology,Male,2025-02-07,1
EMP01924,44,Technology,Male,2021-05-09,0
EMP01925,51,Operations,Male,2018-08-27,0
EMP01926,29,Technology,Female,2024-12-30,0
EMP01927,43,Operations,Male,2021-10-26,0
EMP01928,57,Sales,Male,2020-10-03,1
EMP01929,26,Sales,Male,2022-11-24,0
EMP01930,34,Operations,Female,2022-01-19,0
EMP01931,50,Marketing,Female,2025-05-21,0
EMP01932,52,Marketing,Other,2019-04-15,1
EMP01933,37,Marketing,Male,2021-01-02,0
EMP01934,51,Sales,Female,2022-09-07,0
EMP01935,37,Operations,Female,2018-05-28,1
EMP01936,33,Technology,Male,2021-12-18,1
EMP01937,38,Operations,Female,2023-11-05,0
EMP01938,37,Operations,Male,2022-03-23,0
EMP01939,33,Sales,Female,2022-05-10,0
EMP01940,29,Finance,Male,2024-12-17,1
EMP01941,41,Marketing,Male,2024-07-08,0
EMP01942,24,Sales,Female,2020-08-17,0
EMP01943,37,Operations,Male,2023-06-10,0
EMP01944,51,Technology,Male,2024-08-31,0
EMP01945,44,Technology,Female,2024-01-16,0
EMP01946,49,HR,Male,2025-04-30,0
EMP01947,26,HR,Female,2024-04-21,1
EMP01948,41,Marketing,Male,2024-01-03,1
EMP01949,22,Operations,Female,2018-12-08,0
EMP01950,51,Marketing,Female,2019-09-24,1
EMP01951,42,Marketing,Male,2024-12-09,0
EMP01952,41,Technology,Female,2021-11-14,1
EMP01953,27,Sales,Female,2025-09-10,0
EMP01954,43,Technology,Female,2025-01-10,1
EMP01955,39,Technology,Female,2021-01-06,1
EMP01956,29,Marketing,Female,2021-10-31,0
EMP01957,53,Technology,Male,2022-05-12,0
EMP01958,54,Technology,Male,2023-05-20,1
EMP01959,37,Technology,Female,2022-06-16,1
EMP01960,33,Operations,Male,2024-06-17,0
EMP01961,59,Operations,Male,2024-12-28,1
EMP01962,55,Marketing,Male,2022-04-28,0
EMP01963,35,Operations,Male,2018-06-02,0
EMP01964,57,Operations,Male,2022-06-05,1
EMP01965,54,Marketing,Other,2025-07-14,1
EMP01966,44,Technology,Male,2022-02-25,0
EMP01967,23,Operations,Male,2019-12-03,0
EMP01968,42,Finance,Other,2019-02-25,0
EMP01969,23,Marketing,Female,2020-12-08,0
EMP01970,48,Operations,Male,2024-05-15,0
EMP01971,30,HR,Male,2023-01-10,0
EMP01972,22,Finance,Female,2018-07-15,1
EMP01973,32,Operations,Female,2023-03-29,1
EMP01974,24,Sales,Female,2024-09-16,0
EMP01975,44,Finance,Female,2024-09-27,0
EMP01976,47,Sales,Female,2019-11-14,0
EMP01977,25,Finance,Male,2022-01-18,0
EMP01978,39,Operations,Female,2024-11-04,0
EMP01979,27,Technology,Male,2019-01-27,1
EMP01980,56,Marketing,Female,2024-02-27,0
EMP01981,43,Technology,Female,2023-09-19,1
EMP01982,36,Finance,Male,2018-02-08,1
EMP01983,43,Sales,Male,2019-03-06,0
EMP01984,58,Operations,Male,2022-05-27,0
EMP01985,33,Technology,Male,2021-02-01,0
EMP01986,59,Marketing,Female,2020-07-04,1
EMP01987,39,Technology,Male,2023-10-06,1
EMP01988,56,Operations,Female,2023-08-05,0
EMP01989,51,Operations,Male,2022-12-09,0
EMP01990,45,Operations,Female,2021-11-20,0
EMP01991,51,Operations,Female,2021-10-28,0
EMP01992,35,Operations,Female,2023-11-30,0
EMP01993,27,Technology,Male,2020-11-16,1
EMP01994,24,Sales,Female,2018-06-25,1
EMP01995,37,Sales,Male,2025-09-13,0
EMP01996,28,Operations,Male,2019-08-12,0
EMP01997,35,Operations,Male,2018-02-19,1
EMP01998,30,Technology,Male,2022-11-20,1
EMP01999,36,Operations,Female,2017-12-29,0
EMP02000,42,Finance,Male,2018-12-31,0
